t_ms,sent,lost,deadline_miss,max_latency_us
0.000,1060,0,0,598.16
10.000,1065,0,0,598.26
20.000,1060,0,0,598.35
30.000,1065,0,0,598.17
40.000,1060,0,0,598.29
50.000,1065,0,0,598.36
60.000,1060,0,0,598.2
70.000,1065,0,0,598.3
80.000,1060,0,0,598.35
90.000,1065,0,0,598.21
100.000,1060,0,0,598.33
110.000,1065,0,0,598.36
120.000,1060,0,0,598.24
130.000,1065,0,0,598.34
140.000,1060,0,0,598.35
150.000,1065,0,0,598.25
160.000,1060,0,0,598.35
170.000,1065,0,0,598.16
180.000,1060,0,0,598.28
190.000,1065,0,0,598.35
200.000,1060,0,0,598.18
210.000,1065,0,0,598.29
220.000,1060,0,0,598.36
230.000,1065,0,0,598.19
240.000,1060,0,0,598.31
250.000,1065,0,0,598.36
260.000,1060,0,0,598.21
270.000,1065,0,0,598.32
280.000,1060,0,0,598.36
290.000,1065,0,0,598.23
300.000,1060,0,0,598.34
310.000,1065,0,0,598.36
320.000,1060,0,0,598.25
330.000,1065,0,0,598.36
340.000,1060,0,0,598.15
350.000,1065,0,0,598.26
360.000,1060,0,0,598.35
370.000,1065,0,0,598.16
380.000,1060,0,0,598.28
390.000,1065,0,0,598.35
400.000,1060,0,0,598.18
410.000,1065,0,0,598.29
420.000,1060,0,0,598.35
430.000,1065,0,0,598.19
440.000,1060,0,0,598.31
450.000,1065,0,0,598.36
460.000,1060,0,0,598.22
470.000,1065,0,0,598.32
480.000,1060,0,0,598.35
490.000,1065,0,0,598.22
500.000,1060,0,0,598.34
510.000,1065,0,0,598.35
520.000,1060,0,0,598.25
530.000,1065,0,0,598.34
540.000,1060,0,0,598.14
550.000,1065,0,0,598.26
560.000,1060,0,0,598.34
570.000,1065,0,0,598.16
580.000,1060,0,0,598.27
590.000,1065,0,0,598.34
600.000,1060,0,0,598.17
610.000,1065,0,0,598.29
620.000,1060,0,0,598.34
630.000,1065,0,0,598.18
640.000,1060,0,0,598.3
650.000,1065,0,0,598.34
660.000,1060,0,0,598.21
670.000,1065,0,0,598.31
680.000,1060,0,0,598.33
690.000,1065,0,0,598.22
700.000,1060,0,0,598.34
710.000,1065,0,0,598.12
720.000,1060,0,0,598.24
730.000,1065,0,0,598.34
740.000,1060,0,0,598.15
750.000,1065,0,0,598.26
760.000,1060,0,0,598.34
770.000,1065,0,0,598.16
780.000,1060,0,0,598.28
790.000,1065,0,0,598.34
800.000,1060,0,0,598.19
810.000,1065,0,0,598.29
820.000,1060,0,0,598.34
830.000,1065,0,0,598.2
840.000,1060,0,0,598.31
850.000,1065,0,0,598.34
860.000,1060,0,0,598.21
870.000,1065,0,0,598.33
880.000,1060,0,0,598.33
890.000,1065,0,0,598.23
900.000,1060,0,0,598.34
910.000,1065,0,0,598.14
920.000,1060,0,0,598.25
930.000,1065,0,0,598.34
940.000,1060,0,0,598.15
950.000,1065,0,0,598.26
960.000,1060,0,0,598.33
970.000,1065,0,0,598.16
980.000,1060,0,0,598.28
990.000,1065,0,0,598.34
1000.000,1060,0,0,598.19
1010.000,1065,0,0,598.3
1020.000,1060,0,0,598.34
1030.000,1065,0,0,598.2
1040.000,1060,0,0,598.32
1050.000,1065,0,0,598.34
1060.000,1060,0,0,598.23
1070.000,1065,0,0,598.33
1080.000,1060,0,0,598.13
1090.000,1065,0,0,598.24
1100.000,1060,0,0,598.34
1110.000,1065,0,0,598.15
1120.000,1060,0,0,598.26
1130.000,1065,0,0,598.35
1140.000,1060,0,0,598.16
1150.000,1065,0,0,598.28
1160.000,1060,0,0,598.34
1170.000,1065,0,0,598.18
1180.000,1060,0,0,598.3
1190.000,1065,0,0,598.34
1200.000,1060,0,0,598.2
1210.000,1065,0,0,598.32
1220.000,1060,0,0,598.34
1230.000,1065,0,0,598.21
1240.000,1060,0,0,598.33
1250.000,1065,0,0,598.34
1260.000,1060,0,0,598.24
1270.000,1065,0,0,598.33
1280.000,1060,0,0,598.14
1290.000,1065,0,0,598.24
1300.000,1060,0,0,598.34
1310.000,1065,0,0,598.15
1320.000,1060,0,0,598.27
1330.000,1065,0,0,598.34
1340.000,1060,0,0,598.17
1350.000,1065,0,0,598.28
1360.000,1060,0,0,598.33
1370.000,1065,0,0,598.18
1380.000,1060,0,0,598.3
1390.000,1065,0,0,598.33
1400.000,1060,0,0,598.21
1410.000,1065,0,0,598.31
1420.000,1060,0,0,598.33
1430.000,1065,0,0,598.21
1440.000,1060,0,0,598.33
1450.000,1065,0,0,598.12
1460.000,1060,0,0,598.23
1470.000,1065,0,0,598.33
1480.000,1060,0,0,598.14
1490.000,1065,0,0,598.25
1500.000,1060,0,0,598.33
1510.000,1065,0,0,598.16
1520.000,1060,0,0,598.27
1530.000,1065,0,0,598.34
1540.000,1060,0,0,598.18
1550.000,1065,0,0,598.28
1560.000,1060,0,0,598.33
1570.000,1065,0,0,598.19
1580.000,1060,0,0,598.31
1590.000,1065,0,0,598.34
1600.000,1060,0,0,598.22
1610.000,1065,0,0,598.32
1620.000,1060,0,0,598.34
1630.000,1065,0,0,598.23
1640.000,1060,0,0,598.33
1650.000,1065,0,0,598.13
1660.000,1060,0,0,598.25
1670.000,1065,0,0,598.34
1680.000,1060,0,0,598.16
1690.000,1065,0,0,598.26
1700.000,1060,0,0,598.34
1710.000,1065,0,0,598.17
1720.000,1060,0,0,598.28
1730.000,1065,0,0,598.34
1740.000,1060,0,0,598.18
1750.000,1065,0,0,598.29
1760.000,1060,0,0,598.34
1770.000,1065,0,0,598.19
1780.000,1060,0,0,598.3
1790.000,1065,0,0,598.32
1800.000,1060,0,0,598.21
1810.000,1065,0,0,598.32
1820.000,1060,0,0,598.33
1830.000,1065,0,0,598.22
1840.000,1060,0,0,598.32
1850.000,1065,0,0,598.12
1860.000,1060,0,0,598.24
1870.000,1065,0,0,598.32
1880.000,1060,0,0,598.15
1890.000,1065,0,0,598.26
1900.000,1060,0,0,598.33
1910.000,1065,0,0,598.16
1920.000,1060,0,0,598.28
1930.000,1065,0,0,598.33
1940.000,1060,0,0,598.19
1950.000,1065,0,0,598.29
1960.000,1060,0,0,598.33
1970.000,1065,0,0,598.2
1980.000,1060,0,0,598.32
1990.000,1065,0,0,598.33
2000.000,1060,0,0,598.23
2010.000,1065,0,0,598.33
2020.000,1060,0,0,598.13
2030.000,1065,0,0,598.24
2040.000,1060,0,0,598.34
2050.000,1065,0,0,598.15
2060.000,1060,0,0,598.26
2070.000,1065,0,0,598.33
2080.000,1060,0,0,598.16
2090.000,1065,0,0,598.28
2100.000,1060,0,0,598.34
2110.000,1065,0,0,598.18
2120.000,1060,0,0,598.3
2130.000,1065,0,0,598.34
2140.000,1060,0,0,598.2
2150.000,1065,0,0,598.31
2160.000,1060,0,0,598.34
2170.000,1065,0,0,598.22
2180.000,1060,0,0,598.34
2190.000,1065,0,0,598.12
2200.000,1060,0,0,598.24
2210.000,1065,0,0,598.34
2220.000,1060,0,0,598.15
2230.000,1065,0,0,598.25
2240.000,1060,0,0,598.35
2250.000,1065,0,0,598.16
2260.000,1060,0,0,598.28
2270.000,1065,0,0,598.34
2280.000,1060,0,0,598.19
2290.000,1065,0,0,598.29
2300.000,1060,0,0,598.34
2310.000,1065,0,0,598.2
2320.000,1060,0,0,598.32
2330.000,1065,0,0,598.34
2340.000,1060,0,0,598.22
2350.000,1065,0,0,598.33
2360.000,1060,0,0,598.34
2370.000,1065,0,0,598.24
2380.000,1060,0,0,598.35
2390.000,1065,0,0,598.14
2400.000,1060,0,0,598.25
2410.000,1065,0,0,598.35
2420.000,1060,0,0,598.16
2430.000,1065,0,0,598.27
2440.000,1060,0,0,598.35
2450.000,1065,0,0,598.17
2460.000,1060,0,0,598.29
2470.000,1065,0,0,598.34
2480.000,1060,0,0,598.2
2490.000,1065,0,0,598.3
2500.000,1060,0,0,598.35
2510.000,1065,0,0,598.21
2520.000,1060,0,0,598.33
2530.000,1065,0,0,598.35
2540.000,1060,0,0,598.24
2550.000,1065,0,0,598.34
2560.000,1060,0,0,598.35
2570.000,1065,0,0,598.25
2580.000,1060,0,0,598.35
2590.000,1065,0,0,598.15
2600.000,1060,0,0,598.27
2610.000,1065,0,0,598.35
2620.000,1060,0,0,598.18
2630.000,1065,0,0,598.29
2640.000,1060,0,0,598.36
2650.000,1065,0,0,598.19
2660.000,1060,0,0,598.3
2670.000,1065,0,0,598.35
2680.000,1060,0,0,598.21
2690.000,1065,0,0,598.33
2700.000,1060,0,0,598.36
2710.000,1065,0,0,598.22
2720.000,1060,0,0,598.34
2730.000,1065,0,0,598.35
2740.000,1060,0,0,598.25
2750.000,1065,0,0,598.35
2760.000,1060,0,0,598.15
2770.000,1065,0,0,598.26
2780.000,1060,0,0,598.35
2790.000,1065,0,0,598.17
2800.000,1060,0,0,598.29
2810.000,1065,0,0,598.36
2820.000,1060,0,0,598.19
2830.000,1065,0,0,598.3
2840.000,1060,0,0,598.36
2850.000,1065,0,0,598.2
2860.000,1060,0,0,598.32
2870.000,1065,0,0,598.36
2880.000,1060,0,0,598.22
2890.000,1065,0,0,598.34
2900.000,1060,0,0,598.36
2910.000,1065,0,0,598.24
2920.000,1060,0,0,598.35
2930.000,1065,0,0,598.14
2940.000,1060,0,0,598.26
2950.000,1065,0,0,598.36
2960.000,1060,0,0,598.16
2970.000,1065,0,0,598.27
2980.000,1060,0,0,598.36
2990.000,1065,0,0,598.17
3000.000,1060,0,0,598.29
3010.000,1065,0,0,598.35
3020.000,1060,0,0,598.19
3030.000,1065,0,0,598.3
3040.000,1060,0,0,598.35
3050.000,1065,0,0,598.2
3060.000,1060,0,0,598.31
3070.000,1065,0,0,598.35
3080.000,1060,0,0,598.22
3090.000,1065,0,0,598.33
3100.000,1060,0,0,598.35
3110.000,1065,0,0,598.24
3120.000,1060,0,0,598.35
3130.000,1065,0,0,598.14
3140.000,1060,0,0,598.26
3150.000,1065,0,0,598.35
3160.000,1060,0,0,598.16
3170.000,1065,0,0,598.27
3180.000,1060,0,0,598.35
3190.000,1065,0,0,598.18
3200.000,1060,0,0,598.3
3210.000,1065,0,0,598.35
3220.000,1060,0,0,598.2
3230.000,1065,0,0,598.31
3240.000,1060,0,0,598.36
3250.000,1065,0,0,598.21
3260.000,1060,0,0,598.33
3270.000,1065,0,0,598.35
3280.000,1060,0,0,598.23
3290.000,1065,0,0,598.35
3300.000,1060,0,0,598.35
3310.000,1065,0,0,598.25
3320.000,1060,0,0,598.34
3330.000,1065,0,0,598.15
3340.000,1060,0,0,598.27
3350.000,1065,0,0,598.35
3360.000,1060,0,0,598.18
3370.000,1065,0,0,598.28
3380.000,1060,0,0,598.36
3390.000,1065,0,0,598.19
3400.000,1060,0,0,598.31
3410.000,1065,0,0,598.35
3420.000,1060,0,0,598.21
3430.000,1065,0,0,598.32
3440.000,1060,0,0,598.35
3450.000,1065,0,0,598.22
3460.000,1060,0,0,598.34
3470.000,1065,0,0,598.35
3480.000,1060,0,0,598.24
3490.000,1065,0,0,598.36
3500.000,1060,0,0,598.15
3510.000,1065,0,0,598.26
3520.000,1060,0,0,598.35
3530.000,1065,0,0,598.16
3540.000,1060,0,0,598.28
3550.000,1065,0,0,598.35
3560.000,1060,0,0,598.19
3570.000,1065,0,0,598.29
3580.000,1060,0,0,598.36
3590.000,1065,0,0,598.2
3600.000,1060,0,0,598.31
3610.000,1065,0,0,598.35
3620.000,1060,0,0,598.22
3630.000,1065,0,0,598.32
3640.000,1060,0,0,598.35
3650.000,1065,0,0,598.23
3660.000,1060,0,0,598.34
3670.000,1065,0,0,598.35
3680.000,1060,0,0,598.24
3690.000,1065,0,0,598.34
3700.000,1060,0,0,598.15
3710.000,1065,0,0,598.25
3720.000,1060,0,0,598.34
3730.000,1065,0,0,598.16
3740.000,1060,0,0,598.27
3750.000,1065,0,0,598.35
3760.000,1060,0,0,598.18
3770.000,1065,0,0,598.28
3780.000,1060,0,0,598.34
3790.000,1065,0,0,598.19
3800.000,1060,0,0,598.31
3810.000,1065,0,0,598.34
3820.000,1060,0,0,598.2
3830.000,1065,0,0,598.32
3840.000,1060,0,0,598.33
3850.000,1065,0,0,598.22
3860.000,1060,0,0,598.33
3870.000,1065,0,0,598.12
3880.000,1060,0,0,598.24
3890.000,1065,0,0,598.34
3900.000,1060,0,0,598.14
3910.000,1065,0,0,598.25
3920.000,1060,0,0,598.33
3930.000,1065,0,0,598.15
3940.000,1060,0,0,598.27
3950.000,1065,0,0,598.33
3960.000,1060,0,0,598.18
3970.000,1065,0,0,598.28
3980.000,1060,0,0,598.34
3990.000,1065,0,0,598.19
4000.000,1060,0,0,598.3
4010.000,1065,0,0,598.33
4020.000,1060,0,0,598.21
4030.000,1065,0,0,598.32
4040.000,1060,0,0,598.34
4050.000,1065,0,0,598.22
4060.000,1060,0,0,598.33
4070.000,1065,0,0,598.13
4080.000,1060,0,0,598.25
4090.000,1065,0,0,598.33
4100.000,1060,0,0,598.15
4110.000,1065,0,0,598.26
4120.000,1060,0,0,598.34
4130.000,1065,0,0,598.16
4140.000,1060,0,0,598.27
4150.000,1065,0,0,598.33
4160.000,1060,0,0,598.18
4170.000,1065,0,0,598.28
4180.000,1060,0,0,598.33
4190.000,1065,0,0,598.19
4200.000,1060,0,0,598.31
4210.000,1065,0,0,598.33
4220.000,1060,0,0,598.21
4230.000,1065,0,0,598.32
4240.000,1060,0,0,598.32
4250.000,1065,0,0,598.22
4260.000,1060,0,0,598.33
4270.000,1065,0,0,598.12
4280.000,1060,0,0,598.24
4290.000,1065,0,0,598.33
4300.000,1060,0,0,598.14
4310.000,1065,0,0,598.25
4320.000,1060,0,0,598.32
4330.000,1065,0,0,598.15
4340.000,1060,0,0,598.27
4350.000,1065,0,0,598.33
4360.000,1060,0,0,598.18
4370.000,1065,0,0,598.29
4380.000,1060,0,0,598.32
4390.000,1065,0,0,598.19
4400.000,1060,0,0,598.3
4410.000,1065,0,0,598.32
4420.000,1060,0,0,598.21
4430.000,1065,0,0,598.32
4440.000,1060,0,0,598.33
4450.000,1065,0,0,598.22
4460.000,1060,0,0,598.32
4470.000,1065,0,0,598.13
4480.000,1060,0,0,598.25
4490.000,1065,0,0,598.33
4500.000,1060,0,0,598.16
4510.000,1065,0,0,598.26
4520.000,1060,0,0,598.33
4530.000,1065,0,0,598.17
4540.000,1060,0,0,598.29
4550.000,1065,0,0,598.33
4560.000,1060,0,0,598.19
4570.000,1065,0,0,598.3
4580.000,1060,0,0,598.33
4590.000,1065,0,0,598.2
4600.000,1060,0,0,598.32
4610.000,1065,0,0,598.33
4620.000,1060,0,0,598.22
4630.000,1065,0,0,598.33
4640.000,1060,0,0,598.12
4650.000,1065,0,0,598.23
4660.000,1060,0,0,598.33
4670.000,1065,0,0,598.13
4680.000,1060,0,0,598.25
4690.000,1065,0,0,598.33
4700.000,1060,0,0,598.16
4710.000,1065,0,0,598.26
4720.000,1060,0,0,598.33
4730.000,1065,0,0,598.17
4740.000,1060,0,0,598.29
4750.000,1065,0,0,598.33
4760.000,1060,3,0,598.19
4770.000,1060,16,0,598.3
4780.000,1060,0,0,598.33
4790.000,1065,0,0,598.2
4800.000,1060,0,0,598.32
4810.000,1065,0,0,598.33
4820.000,1060,0,0,598.22
4830.000,1065,0,0,598.33
4840.000,1060,0,0,598.13
4850.000,1065,0,0,598.23
4860.000,1060,0,0,598.33
4870.000,1065,0,0,598.14
4880.000,1060,0,0,598.26
4890.000,1065,0,0,598.33
4900.000,1060,0,0,598.17
4910.000,1065,0,0,598.27
4920.000,1060,0,0,598.33
4930.000,1065,0,0,598.18
4940.000,1060,0,0,598.3
4950.000,1065,0,0,598.33
4960.000,1060,0,0,598.21
4970.000,1065,0,0,598.31
4980.000,1016,11,0,598.33
4990.000,1065,0,0,598.22
5000.000,1060,0,0,598.33
5010.000,1065,0,0,598.13
5020.000,1060,0,0,598.24
5030.000,1065,0,0,598.34
5040.000,1060,0,0,598.15
5050.000,1065,0,0,598.25
5060.000,1060,0,0,598.34
5070.000,1065,0,0,598.16
5080.000,1060,0,0,598.28
5090.000,1065,0,0,598.34
5100.000,1060,0,0,598.18
5110.000,1065,0,0,598.29
5120.000,1060,0,0,598.34
5130.000,1065,0,0,598.2
5140.000,1060,0,0,598.32
5150.000,1065,0,0,598.34
5160.000,1060,0,0,598.22
5170.000,1065,0,0,598.33
5180.000,1060,0,0,598.35
5190.000,1065,0,0,598.24
5200.000,1060,0,0,598.34
5210.000,1065,0,0,598.14
5220.000,1060,0,0,598.25
5230.000,1065,0,0,598.35
5240.000,1060,0,0,598.16
5250.000,1065,0,0,598.27
5260.000,1060,0,0,598.34
5270.000,1065,0,0,598.17
5280.000,1060,0,0,598.29
5290.000,1039,16,0,598.35
5300.000,1060,0,0,598.2
5310.000,1065,0,0,598.31
5320.000,1060,0,0,598.35
5330.000,1065,0,0,598.21
5340.000,1060,0,0,598.33
5350.000,1065,0,0,598.34
5360.000,1060,0,0,598.24
5370.000,1065,0,0,598.34
5380.000,1060,0,0,598.35
5390.000,1065,0,0,598.25
5400.000,1060,0,0,598.35
5410.000,1065,0,0,598.16
5420.000,1060,0,0,598.27
5430.000,1065,0,0,598.35
5440.000,1060,0,0,598.17
5450.000,1065,0,0,598.28
5460.000,1060,0,0,598.35
5470.000,1065,0,0,598.19
5480.000,1060,0,0,598.31
5490.000,1065,0,0,598.36
5500.000,1060,0,0,598.21
5510.000,1065,0,0,598.32
5520.000,1060,0,0,598.35
5530.000,1065,0,0,598.23
5540.000,1060,0,0,598.35
5550.000,1065,0,0,598.35
5560.000,1060,0,0,598.25
5570.000,1053,21,0,598.36
5580.000,1060,0,0,598.15
5590.000,1065,0,0,598.26
5600.000,1060,0,0,598.35
5610.000,1065,0,0,598.17
5620.000,1060,0,0,598.28
5630.000,1065,0,0,598.36
5640.000,1060,0,0,598.19
5650.000,1065,0,0,598.29
5660.000,1060,0,0,598.36
5670.000,1065,0,0,598.2
5680.000,1060,0,0,598.32
5690.000,1065,0,0,598.35
5700.000,1060,0,0,598.23
5710.000,1065,0,0,598.33
5720.000,1060,0,0,598.36
5730.000,1065,0,0,598.24
5740.000,1060,0,0,598.36
5750.000,1065,0,0,598.14
5760.000,1060,0,0,598.26
5770.000,1050,14,0,598.36
5780.000,1060,0,0,598.17
5790.000,1065,0,0,598.28
5800.000,1060,0,0,598.36
5810.000,1065,0,0,598.18
5820.000,1060,0,0,598.3
5830.000,1065,0,0,598.36
5840.000,1060,0,0,598.2
5850.000,1065,0,0,598.32
5860.000,1060,0,0,598.36
5870.000,1065,0,0,598.21
5880.000,1060,0,0,598.33
5890.000,1065,0,0,598.36
5900.000,1060,0,0,598.24
5910.000,1065,0,0,598.35
5920.000,1060,0,0,598.37
5930.000,1065,0,0,598.25
5940.000,1060,0,0,598.36
5950.000,1065,0,0,598.16
5960.000,1060,0,0,598.28
5970.000,1062,0,0,598.36
5980.000,1060,0,0,598.19
5990.000,1065,0,0,598.29
6000.000,1060,0,0,598.36
6010.000,1065,0,0,598.2
6020.000,1060,0,0,598.31
6030.000,1065,0,0,598.36
6040.000,1060,0,0,598.22
6050.000,1065,0,0,598.33
6060.000,1060,0,0,598.36
6070.000,1065,0,0,598.23
6080.000,1060,0,0,598.35
6090.000,1065,0,0,598.37
6100.000,1060,0,0,598.25
6110.000,1065,0,0,598.36
6120.000,1060,0,0,598.37
6130.000,1065,0,0,598.27
6140.000,1060,0,0,598.36
6150.000,1065,0,0,598.17
6160.000,1060,0,0,598.29
6170.000,1065,0,0,598.37
6180.000,1060,0,0,598.2
6190.000,1065,0,0,598.3
6200.000,1060,0,0,598.36
6210.000,1065,0,0,598.21
6220.000,1060,0,0,598.32
6230.000,1065,0,0,598.37
6240.000,1060,0,0,598.23
6250.000,1065,0,0,598.34
6260.000,1060,0,0,598.37
6270.000,1065,0,0,598.24
6280.000,1060,0,0,598.36
6290.000,1065,0,0,598.37
6300.000,1060,0,0,598.27
6310.000,1065,0,0,598.37
6320.000,1060,0,0,598.17
6330.000,1065,0,0,598.28
6340.000,1060,0,0,598.37
6350.000,1065,0,0,598.19
6360.000,1060,0,0,598.31
6370.000,1065,0,0,598.38
6380.000,1060,0,0,598.21
6390.000,1065,0,0,598.32
6400.000,1060,0,0,598.37
6410.000,1065,0,0,598.23
6420.000,1060,0,0,598.34
6430.000,1065,0,0,598.38
6440.000,1060,0,0,598.24
6450.000,1065,0,0,598.36
6460.000,1060,0,0,598.37
6470.000,1065,0,0,598.26
6480.000,1060,0,0,598.37
6490.000,1065,0,0,598.16
6500.000,1060,0,0,598.28
6510.000,1065,19,0,598.38
6520.000,1060,0,0,598.18
6530.000,1065,0,0,598.28
6540.000,1060,0,0,598.36
6550.000,1065,0,0,598.19
6560.000,1060,0,0,598.31
6570.000,1065,0,0,598.37
6580.000,1060,0,0,598.21
6590.000,1065,0,0,598.32
6600.000,1060,0,0,598.36
6610.000,1065,0,0,598.22
6620.000,1060,0,0,598.33
6630.000,1065,0,0,598.36
6640.000,1060,0,0,598.24
6650.000,1065,0,0,598.35
6660.000,1060,0,0,598.36
6670.000,1065,0,0,598.25
6680.000,1060,0,0,598.36
6690.000,1065,0,0,598.15
6700.000,1060,0,0,598.27
6710.000,1065,0,0,598.37
6720.000,1060,0,0,598.18
6730.000,1065,0,0,598.29
6740.000,1060,0,0,598.36
6750.000,1065,0,0,598.19
6760.000,1060,0,0,598.31
6770.000,1065,0,0,598.36
6780.000,1060,0,0,598.22
6790.000,1065,0,0,598.33
6800.000,1060,0,0,598.37
6810.000,1065,0,0,598.23
6820.000,1060,0,0,598.34
6830.000,1065,0,0,598.36
6840.000,1060,0,0,598.25
6850.000,1065,0,0,598.36
6860.000,1060,0,0,598.36
6870.000,1065,0,0,598.26
6880.000,1060,0,0,598.35
6890.000,1065,0,0,598.16
6900.000,1060,0,0,598.28
6910.000,1065,0,0,598.36
6920.000,1060,0,0,598.18
6930.000,1065,0,0,598.29
6940.000,1060,0,0,598.36
6950.000,1065,0,0,598.19
6960.000,1060,0,0,598.31
6970.000,1065,0,0,598.35
6980.000,1060,0,0,598.21
6990.000,1065,0,0,598.32
7000.000,1059,0,0,598.36
7010.000,1065,0,0,598.23
7020.000,1060,0,0,598.34
7030.000,1065,0,0,598.35
7040.000,1060,0,0,598.24
7050.000,1065,0,0,598.35
7060.000,1060,0,0,598.15
7070.000,1065,0,0,598.25
7080.000,1060,0,0,598.35
7090.000,1065,0,0,598.16
7100.000,1060,0,0,598.28
7110.000,1065,0,0,598.35
7120.000,1060,0,0,598.18
7130.000,1065,0,0,598.29
7140.000,1060,0,0,598.36
7150.000,1065,0,0,598.19
7160.000,1060,0,0,598.31
7170.000,1065,0,0,598.34
7180.000,1060,0,0,598.21
7190.000,1065,0,0,598.32
7200.000,1060,0,0,598.35
7210.000,1065,0,0,598.23
7220.000,1060,0,0,598.34
7230.000,1065,0,0,598.35
7240.000,1060,0,0,598.24
7250.000,1065,0,0,598.34
7260.000,1060,0,0,598.15
7270.000,1065,0,0,598.25
7280.000,1060,0,0,598.35
7290.000,1065,0,0,598.16
7300.000,1060,0,0,598.28
7310.000,1065,0,0,598.35
7320.000,1060,0,0,598.18
7330.000,1065,0,0,598.29
7340.000,1060,0,0,598.34
7350.000,1065,0,0,598.2
7360.000,1060,0,0,598.32
7370.000,1065,0,0,598.35
7380.000,1060,0,0,598.22
7390.000,1065,0,0,598.33
7400.000,1060,0,0,598.34
7410.000,1065,0,0,598.24
7420.000,1060,0,0,598.35
7430.000,1065,0,0,598.14
7440.000,1060,0,0,598.26
7450.000,1065,0,0,598.35
7460.000,1060,0,0,598.16
7470.000,1065,0,0,598.27
7480.000,1060,0,0,598.35
7490.000,1065,0,0,598.17
7500.000,1060,0,0,598.29
7510.000,1065,0,0,598.35
7520.000,1060,0,0,598.2
7530.000,1065,0,0,598.3
7540.000,1060,0,0,598.35
7550.000,1065,0,0,598.21
7560.000,1060,0,0,598.32
7570.000,1065,0,0,598.34
7580.000,1060,0,0,598.22
7590.000,1065,0,0,598.34
7600.000,1060,0,0,598.35
7610.000,1065,0,0,598.23
7620.000,1060,0,0,598.35
7630.000,1065,0,0,598.14
7640.000,1060,0,0,598.26
7650.000,1065,0,0,598.34
7660.000,1060,0,0,598.16
7670.000,1065,0,0,598.27
7680.000,1060,0,0,598.34
7690.000,1065,0,0,598.17
7700.000,1060,0,0,598.3
7710.000,1065,0,0,598.35
7720.000,1060,0,0,598.2
7730.000,1065,0,0,598.31
7740.000,1060,0,0,598.35
7750.000,1065,0,0,598.22
7760.000,1060,0,0,598.33
7770.000,1065,0,0,598.35
7780.000,1060,0,0,598.24
7790.000,1065,0,0,598.34
7800.000,1060,0,0,598.36
7810.000,1065,0,0,598.25
7820.000,1060,0,0,598.35
7830.000,1065,0,0,598.15
7840.000,1060,0,0,598.27
7850.000,1065,0,0,598.35
7860.000,1060,0,0,598.17
7870.000,1065,0,0,598.28
7880.000,1060,0,0,598.36
7890.000,1065,0,0,598.19
7900.000,1060,0,0,598.3
7910.000,1065,0,0,598.34
7920.000,1060,0,0,598.2
7930.000,1065,0,0,598.31
7940.000,1060,0,0,598.35
7950.000,1065,0,0,598.21
7960.000,1060,0,0,598.33
7970.000,1065,0,0,598.34
7980.000,1060,0,0,598.24
7990.000,1065,0,0,598.34
8000.000,1060,0,0,598.14
8010.000,1065,0,0,598.25
8020.000,1060,0,0,598.35
8030.000,1065,0,0,598.15
8040.000,1060,0,0,598.27
8050.000,1065,0,0,598.34
8060.000,1060,0,0,598.17
8070.000,1065,0,0,598.28
8080.000,1060,0,0,598.34
8090.000,1065,0,0,598.18
8100.000,1060,0,0,598.3
8110.000,1065,0,0,598.34
8120.000,1060,0,0,598.21
8130.000,1065,0,0,598.32
8140.000,1060,0,0,598.34
8150.000,1065,0,0,598.22
8160.000,1060,0,0,598.35
8170.000,1065,0,0,598.35
8180.000,1060,0,0,598.24
8190.000,1065,0,0,598.34
8200.000,1060,0,0,598.15
8210.000,1065,0,0,598.26
8220.000,1060,0,0,598.35
8230.000,1065,0,0,598.16
8240.000,1060,0,0,598.28
8250.000,1065,0,0,598.34
8260.000,1060,0,0,598.18
8270.000,1065,0,0,598.29
8280.000,1060,0,0,598.34
8290.000,1065,0,0,598.2
8300.000,1060,0,0,598.32
8310.000,1065,0,0,598.34
8320.000,1060,0,0,598.22
8330.000,1065,0,0,598.33
8340.000,1060,0,0,598.34
8350.000,1065,0,0,598.24
8360.000,1060,0,0,598.34
8370.000,1065,0,0,598.13
8380.000,1060,0,0,598.26
8390.000,1065,0,0,598.35
8400.000,1060,0,0,598.16
8410.000,1065,0,0,598.27
8420.000,1060,0,0,598.35
8430.000,1065,0,0,598.17
8440.000,1060,0,0,598.3
8450.000,1065,0,0,598.35
8460.000,1060,0,0,598.2
8470.000,1065,0,0,598.31
8480.000,1060,0,0,598.36
8490.000,1065,0,0,598.22
8500.000,1060,0,0,598.33
8510.000,1065,0,0,598.35
8520.000,1060,0,0,598.24
8530.000,1065,0,0,598.35
8540.000,1060,0,0,598.36
8550.000,1065,0,0,598.25
8560.000,1060,0,0,598.35
8570.000,1065,0,0,598.16
8580.000,1060,0,0,598.28
8590.000,1065,0,0,598.36
8600.000,1060,0,0,598.18
8610.000,1065,0,0,598.29
8620.000,1060,0,0,598.36
8630.000,1065,0,0,598.2
8640.000,1060,0,0,598.32
8650.000,1065,0,0,598.36
8660.000,1060,0,0,598.22
8670.000,1065,0,0,598.33
8680.000,1060,0,0,598.36
8690.000,1065,0,0,598.24
8700.000,1060,0,0,598.35
8710.000,1065,0,0,598.36
8720.000,1060,0,0,598.26
8730.000,1065,0,0,598.36
8740.000,1060,0,0,598.17
8750.000,1065,0,0,598.28
8760.000,1060,0,0,598.37
8770.000,1065,0,0,598.18
8780.000,1060,0,0,598.3
8790.000,1065,0,0,598.36
8800.000,1060,0,0,598.21
8810.000,1065,0,0,598.32
8820.000,1060,0,0,598.37
8830.000,1065,0,0,598.22
8840.000,1060,0,0,598.34
8850.000,1065,0,0,598.38
8860.000,1060,0,0,598.24
8870.000,1065,0,0,598.35
8880.000,1060,0,0,598.37
8890.000,1065,0,0,598.26
8900.000,1060,0,0,598.38
8910.000,1065,0,0,598.16
8920.000,1060,0,0,598.28
8930.000,1065,0,0,598.37
8940.000,1060,0,0,598.19
8950.000,1065,0,0,598.3
8960.000,1060,0,0,598.38
8970.000,1065,0,0,598.2
8980.000,1060,0,0,598.32
8990.000,1065,0,0,598.37
9000.000,1060,0,0,598.22
9010.000,1065,0,0,598.33
9020.000,1060,0,0,598.38
9030.000,1065,0,0,598.24
9040.000,1060,0,0,598.36
9050.000,1065,0,0,598.38
9060.000,1060,0,0,598.26
9070.000,1065,0,0,598.37
9080.000,1060,0,0,598.38
9090.000,1065,0,0,598.28
9100.000,1060,0,0,598.38
9110.000,1065,0,0,598.18
9120.000,1060,0,0,598.3
9130.000,1065,0,0,598.38
9140.000,1060,0,0,598.2
9150.000,1065,0,0,598.31
9160.000,1060,0,0,598.38
9170.000,1065,0,0,598.22
9180.000,1060,0,0,598.34
9190.000,1065,0,0,598.38
9200.000,1060,0,0,598.24
9210.000,1065,0,0,598.35
9220.000,1060,0,0,598.38
9230.000,1065,0,0,598.26
9240.000,1060,0,0,598.37
9250.000,1065,0,0,598.38
9260.000,1060,0,0,598.28
9270.000,1065,0,0,598.38
9280.000,1060,0,0,598.18
9290.000,1065,0,0,598.29
9300.000,1060,0,0,598.38
9310.000,1065,0,0,598.19
9320.000,1060,0,0,598.32
9330.000,1065,0,0,598.39
9340.000,1060,0,0,598.22
9350.000,1065,0,0,598.33
9360.000,1060,0,0,598.38
9370.000,1065,0,0,598.23
9380.000,1060,0,0,598.35
9390.000,1045,0,0,598.39
9400.000,1060,0,0,598.25
9410.000,1065,0,0,598.36
9420.000,1060,0,0,598.38
9430.000,1065,0,0,598.26
9440.000,1060,0,0,598.38
9450.000,1065,0,0,598.17
9460.000,1060,0,0,598.29
9470.000,1065,0,0,598.38
9480.000,1060,0,0,598.2
9490.000,1065,0,0,598.3
9500.000,1060,0,0,598.38
9510.000,1065,0,0,598.21
9520.000,1060,0,0,598.32
9530.000,1065,0,0,598.38
9540.000,1060,0,0,598.23
9550.000,1065,0,0,598.34
9560.000,1060,0,0,598.38
9570.000,1065,0,0,598.24
9580.000,1060,0,0,598.36
9590.000,1065,0,0,598.38
9600.000,1060,0,0,598.26
9610.000,1065,0,0,598.37
9620.000,1060,0,0,598.38
9630.000,1065,0,0,598.27
9640.000,1060,0,0,598.38
9650.000,1065,0,0,598.18
9660.000,1060,0,0,598.29
9670.000,1065,0,0,598.37
9680.000,1060,0,0,598.19
9690.000,1065,0,0,598.3
9700.000,1060,0,0,598.37
9710.000,1065,0,0,598.21
9720.000,1060,0,0,598.33
9730.000,1065,0,0,598.37
9740.000,1060,0,0,598.23
9750.000,1065,0,0,598.34
9760.000,1060,0,0,598.37
9770.000,1062,0,0,598.25
9780.000,1060,0,0,598.36
9790.000,1065,0,0,598.37
9800.000,1060,0,0,598.27
9810.000,1065,0,0,598.37
9820.000,1060,0,0,598.17
9830.000,1065,0,0,598.28
9840.000,1060,0,0,598.37
9850.000,1065,0,0,598.18
9860.000,1060,0,0,598.29
9870.000,1065,0,0,598.36
9880.000,1060,0,0,598.19
9890.000,1065,0,0,598.3
9900.000,1060,0,0,598.36
9910.000,1065,0,0,598.2
9920.000,1060,0,0,598.32
9930.000,1065,0,0,598.35
9940.000,1060,0,0,598.22
9950.000,1065,0,0,598.33
9960.000,1060,0,0,598.36
9970.000,1065,0,0,598.24
9980.000,1060,0,0,598.35
9990.000,1065,0,0,598.14
10000.000,1060,0,0,598.25
10010.000,1065,0,0,598.35
10020.000,1060,0,0,598.16
10030.000,1065,0,0,598.27
10040.000,1060,0,0,598.36
10050.000,1065,0,0,598.17
10060.000,1060,0,0,598.29
10070.000,1065,0,0,598.35
10080.000,1060,0,0,598.2
10090.000,1065,0,0,598.31
10100.000,1060,0,0,598.36
10110.000,1065,0,0,598.22
10120.000,1060,0,0,598.33
10130.000,1065,0,0,598.35
10140.000,1060,0,0,598.23
10150.000,1065,0,0,598.34
10160.000,1060,0,0,598.36
10170.000,1065,0,0,598.25
10180.000,1060,0,0,598.35
10190.000,1065,0,0,598.15
10200.000,1060,0,0,598.27
10210.000,1065,0,0,598.36
10220.000,1060,0,0,598.17
10230.000,1065,0,0,598.28
10240.000,1060,0,0,598.36
10250.000,1065,0,0,598.18
10260.000,1060,0,0,598.3
10270.000,1065,0,0,598.35
10280.000,1060,0,0,598.2
10290.000,1065,0,0,598.31
10300.000,1060,0,0,598.36
10310.000,1065,0,0,598.21
10320.000,1060,0,0,598.33
10330.000,1065,0,0,598.35
10340.000,1060,0,0,598.23
10350.000,1065,0,0,598.34
10360.000,1060,0,0,598.35
10370.000,1065,0,0,598.24
10380.000,1060,0,0,598.36
10390.000,1065,0,0,598.15
10400.000,1060,0,0,598.27
10410.000,1065,0,0,598.34
10420.000,1060,0,0,598.17
10430.000,1065,0,0,598.28
10440.000,1060,0,0,598.35
10450.000,1065,0,0,598.18
10460.000,1060,0,0,598.29
10470.000,1065,0,0,598.35
10480.000,1060,0,0,598.2
10490.000,1065,0,0,598.3
10500.000,1060,0,0,598.34
10510.000,1065,0,0,598.21
10520.000,1060,0,0,598.33
10530.000,1065,0,0,598.35
10540.000,1060,0,0,598.23
10550.000,1065,0,0,598.34
10560.000,1060,0,0,598.34
10570.000,1065,0,0,598.25
10580.000,1060,0,0,598.35
10590.000,1065,0,0,598.15
10600.000,1060,0,0,598.27
10610.000,1065,0,0,598.34
10620.000,1060,0,0,598.17
10630.000,1065,0,0,598.28
10640.000,1060,0,0,598.35
10650.000,1065,0,0,598.19
10660.000,1060,0,0,598.31
10670.000,1065,0,0,598.35
10680.000,1060,0,0,598.21
10690.000,1065,0,0,598.32
10700.000,1060,0,0,598.35
10710.000,1065,0,0,598.22
10720.000,1060,0,0,598.34
10730.000,1065,0,0,598.34
10740.000,1060,0,0,598.24
10750.000,1065,0,0,598.35
10760.000,1060,0,0,598.15
10770.000,1065,0,0,598.25
10780.000,1060,0,0,598.34
10790.000,1065,0,0,598.16
10800.000,1060,0,0,598.27
10810.000,1065,0,0,598.34
10820.000,1060,0,0,598.17
10830.000,1065,0,0,598.28
10840.000,1060,0,0,598.35
10850.000,1065,0,0,598.19
10860.000,1060,0,0,598.3
10870.000,1065,0,0,598.34
10880.000,1060,0,0,598.21
10890.000,1065,0,0,598.32
10900.000,1060,0,0,598.34
10910.000,1065,0,0,598.22
10920.000,1060,0,0,598.33
10930.000,1065,0,0,598.35
10940.000,1060,0,0,598.24
10950.000,1065,0,0,598.34
10960.000,1060,0,0,598.15
10970.000,1065,0,0,598.25
10980.000,1060,0,0,598.35
10990.000,1065,0,0,598.16
11000.000,1060,0,0,598.28
11010.000,1065,0,0,598.34
11020.000,1060,0,0,598.18
11030.000,1065,0,0,598.29
11040.000,1060,0,0,598.35
11050.000,1065,0,0,598.2
11060.000,1060,0,0,598.31
11070.000,1065,0,0,598.34
11080.000,1060,0,0,598.22
11090.000,1065,0,0,598.33
11100.000,1060,0,0,598.35
11110.000,1065,0,0,598.24
11120.000,1060,0,0,598.36
11130.000,1065,0,0,598.14
11140.000,1060,0,0,598.26
11150.000,1065,0,0,598.35
11160.000,1060,0,0,598.16
11170.000,1065,0,0,598.27
11180.000,1060,0,0,598.36
11190.000,1065,0,0,598.18
11200.000,1060,0,0,598.3
11210.000,1065,0,0,598.35
11220.000,1060,0,0,598.2
11230.000,1065,0,0,598.31
11240.000,1060,0,0,598.36
11250.000,1065,0,0,598.22
11260.000,1060,0,0,598.33
11270.000,1065,0,0,598.35
11280.000,1060,0,0,598.24
11290.000,1065,0,0,598.34
11300.000,1060,0,0,598.36
11310.000,1065,0,0,598.25
11320.000,1060,0,0,598.36
11330.000,1065,0,0,598.16
11340.000,1060,0,0,598.28
11350.000,1065,0,0,598.36
11360.000,1060,0,0,598.17
11370.000,1065,0,0,598.29
11380.000,1060,0,0,598.36
11390.000,1065,0,0,598.19
11400.000,1060,0,0,598.31
11410.000,1065,0,0,598.36
11420.000,1060,0,0,598.22
11430.000,1065,0,0,598.32
11440.000,1060,0,0,598.36
11450.000,1065,0,0,598.23
11460.000,1060,0,0,598.34
11470.000,1065,0,0,598.36
11480.000,1060,0,0,598.25
11490.000,1065,0,0,598.36
11500.000,1060,0,0,598.16
11510.000,1065,0,0,598.26
11520.000,1060,0,0,598.36
11530.000,1065,0,0,598.17
11540.000,1060,0,0,598.29
11550.000,1065,0,0,598.36
11560.000,1060,0,0,598.19
11570.000,1065,0,0,598.3
11580.000,1060,0,0,598.36
11590.000,1065,0,0,598.2
11600.000,1060,0,0,598.32
11610.000,1065,0,0,598.36
11620.000,1060,0,0,598.23
11630.000,1065,0,0,598.34
11640.000,1060,0,0,598.36
11650.000,1065,0,0,598.24
11660.000,1060,0,0,598.36
11670.000,1065,0,0,598.14
11680.000,1060,0,0,598.26
11690.000,1065,0,0,598.36
11700.000,1060,0,0,598.17
11710.000,1065,0,0,598.27
11720.000,1060,0,0,598.35
11730.000,1065,0,0,598.18
11740.000,1060,0,0,598.29
11750.000,1065,0,0,598.36
11760.000,1060,0,0,598.2
11770.000,1065,0,0,598.31
11780.000,1060,0,0,598.37
11790.000,1065,0,0,598.21
11800.000,1060,0,0,598.33
11810.000,1065,0,0,598.36
11820.000,1060,0,0,598.24
11830.000,1065,0,0,598.35
11840.000,1060,0,0,598.37
11850.000,1065,0,0,598.25
11860.000,1060,0,0,598.36
11870.000,1065,0,0,598.15
11880.000,1060,0,0,598.27
11890.000,1065,0,0,598.36
11900.000,1060,0,0,598.18
11910.000,1065,0,0,598.28
11920.000,1060,0,0,598.36
11930.000,1065,0,0,598.19
11940.000,1060,0,0,598.3
11950.000,1065,0,0,598.36
11960.000,1060,0,0,598.21
11970.000,1065,0,0,598.32
11980.000,1060,0,0,598.36
11990.000,1065,0,0,598.22
12000.000,1060,0,0,598.34
12010.000,1065,0,0,598.36
12020.000,1060,0,0,598.25
12030.000,1065,0,0,598.36
12040.000,1060,0,0,598.36
12050.000,1065,0,0,598.26
12060.000,1060,0,0,598.36
12070.000,1065,0,0,598.17
12080.000,1060,0,0,598.28
12090.000,1065,0,0,598.36
12100.000,1060,0,0,598.19
12110.000,1065,0,0,598.29
12120.000,1060,0,0,598.36
12130.000,1065,0,0,598.2
12140.000,1060,0,0,598.32
12150.000,1065,0,0,598.36
12160.000,1060,0,0,598.22
12170.000,1065,0,0,598.34
12180.000,1060,0,0,598.36
12190.000,1065,0,0,598.23
12200.000,1060,0,0,598.36
12210.000,1065,0,0,598.36
12220.000,1060,0,0,598.26
12230.000,1065,0,0,598.37
12240.000,1060,0,0,598.17
12250.000,1065,0,0,598.27
12260.000,1060,0,0,598.36
12270.000,1065,0,0,598.18
12280.000,1060,0,0,598.29
12290.000,1065,0,0,598.37
12300.000,1060,0,0,598.2
12310.000,1065,0,0,598.31
12320.000,1060,0,0,598.36
12330.000,1065,0,0,598.21
12340.000,1060,0,0,598.33
12350.000,1065,0,0,598.36
12360.000,1060,0,0,598.23
12370.000,1065,0,0,598.34
12380.000,1060,0,0,598.36
12390.000,1065,0,0,598.24
12400.000,1060,0,0,598.36
12410.000,1065,0,0,598.15
12420.000,1060,0,0,598.27
12430.000,1065,0,0,598.37
12440.000,1060,0,0,598.17
12450.000,1065,0,0,598.28
12460.000,1060,0,0,598.36
12470.000,1065,0,0,598.19
12480.000,1060,0,0,598.3
12490.000,1065,0,0,598.37
12500.000,1060,0,0,598.21
12510.000,1065,0,0,598.31
12520.000,1060,0,0,598.36
12530.000,1065,0,0,598.22
12540.000,1060,0,0,598.33
12550.000,1065,0,0,598.37
12560.000,1060,0,0,598.24
12570.000,1065,0,0,598.35
12580.000,1060,0,0,598.36
12590.000,1065,0,0,598.25
12600.000,1060,0,0,598.36
12610.000,1065,0,0,598.15
12620.000,1060,0,0,598.27
12630.000,1065,0,0,598.36
12640.000,1060,0,0,598.18
12650.000,1065,0,0,598.28
12660.000,1060,0,0,598.36
12670.000,1065,0,0,598.19
12680.000,1060,0,0,598.3
12690.000,1065,0,0,598.35
12700.000,1060,0,0,598.21
12710.000,1065,0,0,598.31
12720.000,1060,0,0,598.36
12730.000,1065,0,0,598.22
12740.000,1060,0,0,598.33
12750.000,1065,0,0,598.35
12760.000,1060,0,0,598.24
12770.000,1065,0,0,598.34
12780.000,1060,0,0,598.35
12790.000,1065,0,0,598.25
12800.000,1060,0,0,598.34
12810.000,1065,0,0,598.15
12820.000,1060,0,0,598.27
12830.000,1065,0,0,598.35
12840.000,1060,0,0,598.17
12850.000,1065,0,0,598.28
12860.000,1060,0,0,598.35
12870.000,1065,0,0,598.19
12880.000,1060,0,0,598.3
12890.000,1065,0,0,598.34
12900.000,1060,0,0,598.2
12910.000,1065,0,0,598.32
12920.000,1060,0,0,598.35
12930.000,1065,0,0,598.22
12940.000,1060,0,0,598.34
12950.000,1065,0,0,598.34
12960.000,1060,0,0,598.24
12970.000,1065,0,0,598.35
12980.000,1060,0,0,598.15
12990.000,1065,0,0,598.26
13000.000,1060,0,0,598.36
13010.000,1065,0,0,598.16
13020.000,1060,0,0,598.28
13030.000,1065,0,0,598.35
13040.000,1060,0,0,598.18
13050.000,1065,0,0,598.29
13060.000,1060,0,0,598.36
13070.000,1065,0,0,598.2
13080.000,1060,0,0,598.32
13090.000,1065,0,0,598.35
13100.000,1060,0,0,598.21
13110.000,1065,0,0,598.33
13120.000,1060,0,0,598.35
13130.000,1065,0,0,598.23
13140.000,1060,0,0,598.34
13150.000,1065,0,0,598.36
13160.000,1060,0,0,598.25
13170.000,1065,0,0,598.35
13180.000,1060,0,0,598.15
13190.000,1065,0,0,598.26
13200.000,1060,0,0,598.35
13210.000,1065,0,0,598.16
13220.000,1060,0,0,598.27
13230.000,1065,0,0,598.34
13240.000,1060,0,0,598.18
13250.000,1065,0,0,598.29
13260.000,1060,0,0,598.34
13270.000,1065,0,0,598.19
13280.000,1060,0,0,598.31
13290.000,1065,0,0,598.34
13300.000,1060,0,0,598.21
13310.000,1065,0,0,598.32
13320.000,1060,0,0,598.34
13330.000,1065,0,0,598.23
13340.000,1060,0,0,598.34
13350.000,1065,0,0,598.13
13360.000,1060,0,0,598.24
13370.000,1065,0,0,598.34
13380.000,1060,0,0,598.15
13390.000,1065,0,0,598.26
13400.000,1060,0,0,598.34
13410.000,1065,0,0,598.16
13420.000,1060,0,0,598.28
13430.000,1065,0,0,598.34
13440.000,1060,0,0,598.18
13450.000,1065,0,0,598.3
13460.000,1060,0,0,598.34
13470.000,1065,0,0,598.2
13480.000,1060,0,0,598.32
13490.000,1065,0,0,598.34
13500.000,1060,0,0,598.22
13510.000,1065,0,0,598.33
13520.000,1060,0,0,598.34
13530.000,1065,0,0,598.24
13540.000,1060,0,0,598.34
13550.000,1065,0,0,598.14
13560.000,1060,0,0,598.26
13570.000,1065,0,0,598.35
13580.000,1060,0,0,598.16
13590.000,1065,0,0,598.27
13600.000,1060,0,0,598.34
13610.000,1065,0,0,598.17
13620.000,1060,0,0,598.29
13630.000,1065,0,0,598.35
13640.000,1060,0,0,598.2
13650.000,1065,0,0,598.3
13660.000,1060,0,0,598.35
13670.000,1065,0,0,598.21
13680.000,1060,0,0,598.32
13690.000,1065,0,0,598.34
13700.000,1060,0,0,598.23
13710.000,1065,0,0,598.33
13720.000,1060,0,0,598.35
13730.000,1065,0,0,598.24
13740.000,1060,0,0,598.34
13750.000,1065,0,0,598.14
13760.000,1060,0,0,598.25
13770.000,1065,0,0,598.34
13780.000,1060,0,0,598.16
13790.000,1065,0,0,598.26
13800.000,1060,0,0,598.34
13810.000,1065,0,0,598.17
13820.000,1060,0,0,598.29
13830.000,1065,0,0,598.34
13840.000,1060,0,0,598.2
13850.000,1065,0,0,598.31
13860.000,1060,0,0,598.34
13870.000,1065,0,0,598.21
13880.000,1060,0,0,598.33
13890.000,1065,0,0,598.34
13900.000,1060,0,0,598.23
13910.000,1065,0,0,598.34
13920.000,1060,0,0,598.14
13930.000,1065,0,0,598.25
13940.000,1060,0,0,598.35
13950.000,1065,0,0,598.15
13960.000,1060,0,0,598.27
13970.000,1065,0,0,598.34
13980.000,1060,0,0,598.17
13990.000,1065,0,0,598.29
14000.000,1060,0,0,598.35
14010.000,1065,0,0,598.19
14020.000,1060,0,0,598.31
14030.000,1065,0,0,598.34
14040.000,1060,0,0,598.22
14050.000,1065,0,0,598.32
14060.000,1060,0,0,598.35
14070.000,1065,0,0,598.23
14080.000,1060,0,0,598.34
14090.000,1065,0,0,598.36
14100.000,1060,0,0,598.25
14110.000,1065,0,0,598.35
14120.000,1060,0,0,598.16
14130.000,1065,0,0,598.26
14140.000,1060,0,0,598.36
14150.000,1065,0,0,598.17
14160.000,1060,0,0,598.29
14170.000,1065,0,0,598.35
14180.000,1060,0,0,598.19
14190.000,1065,0,0,598.3
14200.000,1060,0,0,598.36
14210.000,1065,0,0,598.2
14220.000,1060,0,0,598.32
14230.000,1065,0,0,598.36
14240.000,1060,0,0,598.23
14250.000,1065,0,0,598.34
14260.000,1060,0,0,598.36
14270.000,1065,0,0,598.24
14280.000,1060,0,0,598.35
14290.000,1065,0,0,598.15
14300.000,1060,0,0,598.26
14310.000,1065,0,0,598.35
14320.000,1060,0,0,598.17
14330.000,1065,0,0,598.27
14340.000,1060,0,0,598.36
14350.000,1065,0,0,598.18
14360.000,1060,0,0,598.29
14370.000,1065,0,0,598.35
14380.000,1060,0,0,598.19
14390.000,1065,0,0,598.31
14400.000,1060,0,0,598.35
14410.000,1065,0,0,598.21
14420.000,1060,0,0,598.32
14430.000,1065,0,0,598.35
14440.000,1060,0,0,598.23
14450.000,1065,0,0,598.33
14460.000,1060,0,0,598.34
14470.000,1065,0,0,598.24
14480.000,1060,0,0,598.35
14490.000,1065,0,0,598.15
14500.000,1060,0,0,598.26
14510.000,1065,0,0,598.35
14520.000,1060,0,0,598.17
14530.000,1065,0,0,598.27
14540.000,1060,0,0,598.35
14550.000,1065,0,0,598.18
14560.000,1060,0,0,598.3
14570.000,1065,0,0,598.35
14580.000,1060,0,0,598.2
14590.000,1065,0,0,598.31
14600.000,1060,0,0,598.34
14610.000,1065,0,0,598.21
14620.000,1060,0,0,598.33
14630.000,1065,0,0,598.35
14640.000,1060,0,0,598.24
14650.000,1065,0,0,598.34
14660.000,1060,0,0,598.35
14670.000,1065,0,0,598.25
14680.000,1060,0,0,598.35
14690.000,1065,0,0,598.16
14700.000,1060,0,0,598.27
14710.000,1065,0,0,598.35
14720.000,1060,0,0,598.18
14730.000,1065,0,0,598.29
14740.000,1060,0,0,598.35
14750.000,1065,0,0,598.19
14760.000,1060,0,0,598.31
14770.000,1065,0,0,598.35
14780.000,1060,0,0,598.21
14790.000,1065,0,0,598.32
14800.000,1060,0,0,598.36
14810.000,1065,0,0,598.23
14820.000,1060,0,0,598.35
14830.000,1065,0,0,598.35
14840.000,1060,0,0,598.26
14850.000,1065,0,0,598.36
14860.000,1060,0,0,598.15
14870.000,1065,0,0,598.27
14880.000,1060,0,0,598.35
14890.000,1065,0,0,598.17
14900.000,1060,0,0,598.29
14910.000,1065,0,0,598.36
14920.000,1060,0,0,598.2
14930.000,1065,0,0,598.3
14940.000,1060,0,0,598.35
14950.000,1065,0,0,598.21
14960.000,1060,0,0,598.32
14970.000,1065,0,0,598.36
14980.000,1060,0,0,598.23
14990.000,1065,0,0,598.33
15000.000,1060,0,0,598.36
15010.000,1065,0,0,598.24
15020.000,1060,0,0,598.36
15030.000,1065,0,0,598.15
15040.000,1060,0,0,598.26
15050.000,1065,0,0,598.36
15060.000,1060,0,0,598.17
15070.000,1065,0,0,598.27
15080.000,1060,0,0,598.36
15090.000,1065,0,0,598.18
15100.000,1060,0,0,598.3
15110.000,1065,0,0,598.36
15120.000,1060,0,0,598.2
15130.000,1065,0,0,598.32
15140.000,1060,0,0,598.37
15150.000,1065,0,0,598.22
15160.000,1060,0,0,598.34
15170.000,1065,0,0,598.36
15180.000,1060,0,0,598.24
15190.000,1065,0,0,598.35
15200.000,1060,0,0,598.37
15210.000,1065,0,0,598.26
15220.000,1060,0,0,598.36
15230.000,1065,0,0,598.16
15240.000,1060,0,0,598.28
15250.000,1065,0,0,598.37
15260.000,1060,0,0,598.18
15270.000,1065,0,0,598.29
15280.000,1060,0,0,598.36
15290.000,1065,0,0,598.2
15300.000,1060,0,0,598.31
15310.000,1065,0,0,598.37
15320.000,1060,0,0,598.22
15330.000,1065,0,0,598.32
15340.000,1060,0,0,598.37
15350.000,1065,0,0,598.23
15360.000,1060,0,0,598.35
15370.000,1065,0,0,598.37
15380.000,1060,0,0,598.26
15390.000,1065,0,0,598.36
15400.000,1060,0,0,598.37
15410.000,1065,0,0,598.27
15420.000,1060,0,0,598.36
15430.000,1065,0,0,598.17
15440.000,1060,0,0,598.29
15450.000,1065,0,0,598.37
15460.000,1060,0,0,598.19
15470.000,1065,0,0,598.3
15480.000,1060,0,0,598.37
15490.000,1065,0,0,598.2
15500.000,1060,0,0,598.32
15510.000,1065,0,0,598.36
15520.000,1060,0,0,598.22
15530.000,1065,0,0,598.33
15540.000,1060,0,0,598.36
15550.000,1065,0,0,598.23
15560.000,1060,0,0,598.34
15570.000,1065,0,0,598.36
15580.000,1060,0,0,598.25
15590.000,1065,0,0,598.35
15600.000,1060,0,0,598.15
15610.000,1065,0,0,598.26
15620.000,1060,0,0,598.36
15630.000,1065,0,0,598.16
15640.000,1060,0,0,598.28
15650.000,1065,0,0,598.35
15660.000,1060,0,0,598.18
15670.000,1065,0,0,598.28
15680.000,1060,0,0,598.35
15690.000,1065,0,0,598.19
15700.000,1060,0,0,598.31
15710.000,1065,0,0,598.34
15720.000,1060,0,0,598.22
15730.000,1065,0,0,598.33
15740.000,1060,0,0,598.35
15750.000,1065,0,0,598.23
15760.000,1060,0,0,598.35
15770.000,1065,0,0,598.35
15780.000,1060,0,0,598.25
15790.000,1065,0,0,598.35
15800.000,1060,0,0,598.16
15810.000,1065,0,0,598.27
15820.000,1060,0,0,598.35
15830.000,1065,0,0,598.17
15840.000,1060,0,0,598.28
15850.000,1065,0,0,598.34
15860.000,1060,0,0,598.19
15870.000,1065,0,0,598.29
15880.000,1060,0,0,598.35
15890.000,1065,0,0,598.2
15900.000,1060,0,0,598.31
15910.000,1065,0,0,598.35
15920.000,1060,0,0,598.22
15930.000,1065,0,0,598.32
15940.000,1060,0,0,598.34
15950.000,1065,0,0,598.23
15960.000,1060,0,0,598.35
15970.000,1065,0,0,598.13
15980.000,1060,0,0,598.24
15990.000,1065,0,0,598.34
16000.000,1060,0,0,598.15
16010.000,1065,0,0,598.25
16020.000,1060,0,0,598.34
16030.000,1065,0,0,598.16
16040.000,1060,0,0,598.28
16050.000,1065,0,0,598.34
16060.000,1060,0,0,598.18
16070.000,1065,0,0,598.29
16080.000,1060,0,0,598.33
16090.000,1065,0,0,598.19
16100.000,1060,0,0,598.31
16110.000,1065,0,0,598.33
16120.000,1060,0,0,598.21
16130.000,1065,0,0,598.32
16140.000,1060,0,0,598.34
16150.000,1065,0,0,598.22
16160.000,1060,0,0,598.33
16170.000,1065,0,0,598.12
16180.000,1060,0,0,598.24
16190.000,1065,0,0,598.33
16200.000,1060,0,0,598.15
16210.000,1065,0,0,598.26
16220.000,1060,0,0,598.33
16230.000,1065,0,0,598.16
16240.000,1060,0,0,598.28
16250.000,1065,0,0,598.33
16260.000,1060,0,0,598.18
16270.000,1065,0,0,598.29
16280.000,1060,0,0,598.34
16290.000,1065,0,0,598.2
16300.000,1060,0,0,598.31
16310.000,1065,0,0,598.33
16320.000,1060,0,0,598.22
16330.000,1065,0,0,598.32
16340.000,1060,0,0,598.34
16350.000,1065,0,0,598.23
16360.000,1060,0,0,598.33
16370.000,1065,0,0,598.14
16380.000,1060,0,0,598.26
16390.000,1065,0,0,598.34
16400.000,1060,0,0,598.16
16410.000,1065,0,0,598.27
16420.000,1060,0,0,598.34
16430.000,1065,0,0,598.17
16440.000,1060,0,0,598.29
16450.000,1065,0,0,598.33
16460.000,1060,0,0,598.19
16470.000,1065,0,0,598.3
16480.000,1060,0,0,598.34
16490.000,1065,0,0,598.2
16500.000,1060,0,0,598.32
16510.000,1065,0,0,598.33
16520.000,1060,0,0,598.23
16530.000,1065,0,0,598.33
16540.000,1060,0,0,598.13
16550.000,1065,0,0,598.24
16560.000,1060,0,0,598.34
16570.000,1065,0,0,598.14
16580.000,1060,0,0,598.26
16590.000,1065,0,0,598.33
16600.000,1060,0,0,598.16
16610.000,1065,0,0,598.27
16620.000,1060,0,0,598.33
16630.000,1065,0,0,598.17
16640.000,1060,0,0,598.28
16650.000,1065,0,0,598.33
16660.000,1060,0,0,598.19
16670.000,1065,0,0,598.3
16680.000,1060,0,0,598.32
16690.000,1065,0,0,598.2
16700.000,1060,0,0,598.33
16710.000,1065,0,0,598.33
16720.000,1060,0,0,598.22
16730.000,1065,0,0,598.33
16740.000,1060,0,0,598.13
16750.000,1065,0,0,598.24
16760.000,1060,0,0,598.33
16770.000,1065,0,0,598.15
16780.000,1060,0,0,598.27
16790.000,1065,0,0,598.33
16800.000,1060,0,0,598.17
16810.000,1065,0,0,598.28
16820.000,1060,0,0,598.34
16830.000,1065,0,0,598.18
16840.000,1060,0,0,598.3
16850.000,1065,0,0,598.34
16860.000,1060,0,0,598.21
16870.000,1065,0,0,598.32
16880.000,1060,0,0,598.34
16890.000,1065,0,0,598.22
16900.000,1060,0,0,598.34
16910.000,1065,0,0,598.12
16920.000,1060,0,0,598.24
16930.000,1065,0,0,598.34
16940.000,1060,0,0,598.15
16950.000,1065,0,0,598.26
16960.000,1060,0,0,598.34
16970.000,1065,0,0,598.16
16980.000,1060,0,0,598.28
16990.000,1065,0,0,598.34
17000.000,1060,0,0,598.18
17010.000,1065,0,0,598.29
17020.000,1060,0,0,598.34
17030.000,1065,0,0,598.2
17040.000,1060,0,0,598.31
17050.000,1065,0,0,598.35
17060.000,1060,0,0,598.22
17070.000,1065,0,0,598.33
17080.000,1060,0,0,598.34
17090.000,1065,0,0,598.23
17100.000,1060,0,0,598.34
17110.000,1065,0,0,598.14
17120.000,1060,0,0,598.25
17130.000,1065,0,0,598.35
17140.000,1060,0,0,598.16
17150.000,1065,0,0,598.27
17160.000,1060,0,0,598.36
17170.000,1065,0,0,598.17
17180.000,1060,0,0,598.29
17190.000,1065,0,0,598.35
17200.000,1060,0,0,598.2
17210.000,1065,0,0,598.31
17220.000,1060,0,0,598.34
17230.000,1065,0,0,598.2
17240.000,1060,0,0,598.32
17250.000,1065,0,0,598.34
17260.000,1060,0,0,598.23
17270.000,1065,0,0,598.34
17280.000,1060,0,0,598.34
17290.000,1065,0,0,598.24
17300.000,1060,0,0,598.34
17310.000,1065,0,0,598.14
17320.000,1060,0,0,598.26
17330.000,1065,0,0,598.34
17340.000,1060,0,0,598.17
17350.000,1065,0,0,598.27
17360.000,1060,0,0,598.35
17370.000,1065,0,0,598.18
17380.000,1060,0,0,598.29
17390.000,1065,0,0,598.34
17400.000,1060,0,0,598.2
17410.000,1065,0,0,598.31
17420.000,1060,0,0,598.35
17430.000,1065,0,0,598.22
17440.000,1060,0,0,598.34
17450.000,1065,0,0,598.34
17460.000,1060,0,0,598.24
17470.000,1065,0,0,598.35
17480.000,1060,0,0,598.14
17490.000,1065,0,0,598.25
17500.000,1060,0,0,598.35
17510.000,1065,0,0,598.16
17520.000,1060,0,0,598.28
17530.000,1065,0,0,598.34
17540.000,1060,0,0,598.18
17550.000,1065,0,0,598.28
17560.000,1060,0,0,598.35
17570.000,1065,0,0,598.19
17580.000,1060,0,0,598.31
17590.000,1065,0,0,598.34
17600.000,1060,0,0,598.22
17610.000,1065,0,0,598.33
17620.000,1060,0,0,598.35
17630.000,1065,0,0,598.23
17640.000,1060,0,0,598.34
17650.000,1065,0,0,598.35
17660.000,1060,0,0,598.25
17670.000,1065,0,0,598.35
17680.000,1060,0,0,598.16
17690.000,1065,0,0,598.27
17700.000,1060,0,0,598.35
17710.000,1065,0,0,598.17
17720.000,1060,0,0,598.29
17730.000,1065,0,0,598.35
17740.000,1060,0,0,598.19
17750.000,1065,0,0,598.3
17760.000,1060,0,0,598.35
17770.000,1065,0,0,598.21
17780.000,1060,0,0,598.32
17790.000,1065,0,0,598.36
17800.000,1060,0,0,598.23
17810.000,1065,0,0,598.34
17820.000,1060,0,0,598.36
17830.000,1065,0,0,598.24
17840.000,1060,0,0,598.36
17850.000,1065,0,0,598.15
17860.000,1060,0,0,598.26
17870.000,1065,0,0,598.36
17880.000,1060,0,0,598.17
17890.000,1065,0,0,598.28
17900.000,1060,0,0,598.36
17910.000,1065,0,0,598.18
17920.000,1060,0,0,598.3
17930.000,1065,0,0,598.36
17940.000,1060,0,0,598.2
17950.000,1065,0,0,598.32
17960.000,1060,0,0,598.36
17970.000,1065,0,0,598.22
17980.000,1060,0,0,598.34
17990.000,1065,0,0,598.36
18000.000,1060,0,0,598.25
18010.000,1065,0,0,598.35
18020.000,1060,0,0,598.36
18030.000,1065,0,0,598.26
18040.000,1060,0,0,598.37
18050.000,1065,0,0,598.16
18060.000,1060,0,0,598.28
18070.000,1065,0,0,598.36
18080.000,1060,0,0,598.19
18090.000,1065,0,0,598.29
18100.000,1060,0,0,598.37
18110.000,1065,0,0,598.2
18120.000,1060,0,0,598.31
18130.000,1065,0,0,598.37
18140.000,1060,0,0,598.22
18150.000,1065,0,0,598.33
18160.000,1060,0,0,598.36
18170.000,1065,0,0,598.24
18180.000,1060,0,0,598.35
18190.000,1065,0,0,598.37
18200.000,1060,0,0,598.26
18210.000,1065,0,0,598.36
18220.000,1060,0,0,598.16
18230.000,1065,0,0,598.27
18240.000,1060,0,0,598.37
18250.000,1065,0,0,598.18
18260.000,1060,0,0,598.29
18270.000,1065,0,0,598.37
18280.000,1060,0,0,598.2
18290.000,1065,0,0,598.3
18300.000,1060,0,0,598.37
18310.000,1065,0,0,598.21
18320.000,1060,0,0,598.32
18330.000,1065,0,0,598.37
18340.000,1060,0,0,598.23
18350.000,1065,0,0,598.33
18360.000,1060,0,0,598.36
18370.000,1065,0,0,598.24
18380.000,1060,0,0,598.36
18390.000,1065,0,0,598.36
18400.000,1060,0,0,598.26
18410.000,1065,0,0,598.37
18420.000,1060,0,0,598.16
18430.000,1065,0,0,598.27
18440.000,1060,0,0,598.36
18450.000,1065,0,0,598.17
18460.000,1060,0,0,598.29
18470.000,1065,0,0,598.36
18480.000,1060,0,0,598.19
18490.000,1065,0,0,598.3
18500.000,1060,0,0,598.36
18510.000,1065,0,0,598.2
18520.000,1060,0,0,598.32
18530.000,1065,0,0,598.35
18540.000,1060,0,0,598.22
18550.000,1065,0,0,598.33
18560.000,1060,0,0,598.36
18570.000,1065,0,0,598.23
18580.000,1060,0,0,598.35
18590.000,1065,0,0,598.14
18600.000,1060,0,0,598.26
18610.000,1065,0,0,598.36
18620.000,1060,0,0,598.16
18630.000,1065,0,0,598.27
18640.000,1060,0,0,598.35
18650.000,1065,0,0,598.17
18660.000,1060,0,0,598.29
18670.000,1065,0,0,598.35
18680.000,1060,0,0,598.2
18690.000,1065,0,0,598.31
18700.000,1060,0,0,598.36
18710.000,1065,0,0,598.2
18720.000,1060,0,0,598.32
18730.000,1065,0,0,598.35
18740.000,1060,0,0,598.23
18750.000,1065,0,0,598.33
18760.000,1060,0,0,598.35
18770.000,1065,0,0,598.23
18780.000,1060,0,0,598.34
18790.000,1065,0,0,598.13
18800.000,1060,0,0,598.25
18810.000,1065,0,0,598.33
18820.000,1060,0,0,598.16
18830.000,1065,0,0,598.26
18840.000,1060,0,0,598.34
18850.000,1065,0,0,598.16
18860.000,1060,0,0,598.28
18870.000,1065,0,0,598.34
18880.000,1060,0,0,598.18
18890.000,1065,0,0,598.29
18900.000,1060,0,0,598.34
18910.000,1065,0,0,598.2
18920.000,1060,0,0,598.31
18930.000,1065,0,0,598.34
18940.000,1060,0,0,598.22
18950.000,1065,0,0,598.32
18960.000,1060,0,0,598.33
18970.000,1065,0,0,598.23
18980.000,1060,0,0,598.34
18990.000,1065,0,0,598.13
19000.000,1060,0,0,598.25
19010.000,1065,0,0,598.34
19020.000,1060,0,0,598.16
19030.000,1065,0,0,598.27
19040.000,1060,0,0,598.34
19050.000,1065,0,0,598.17
19060.000,1060,0,0,598.29
19070.000,1065,0,0,598.34
19080.000,1060,0,0,598.19
19090.000,1065,0,0,598.3
19100.000,1060,0,0,598.34
19110.000,1065,0,0,598.2
19120.000,1060,0,0,598.32
19130.000,1065,0,0,598.34
19140.000,1060,0,0,598.22
19150.000,1065,0,0,598.33
19160.000,1060,0,0,598.33
19170.000,1065,0,0,598.23
19180.000,1060,0,0,598.33
19190.000,1065,0,0,598.14
19200.000,1060,0,0,598.25
19210.000,1065,0,0,598.33
19220.000,1060,0,0,598.16
19230.000,1065,0,0,598.26
19240.000,1060,0,0,598.34
19250.000,1065,0,0,598.17
19260.000,1060,0,0,598.28
19270.000,1065,0,0,598.33
19280.000,1060,0,0,598.19
19290.000,1065,0,0,598.29
19300.000,1060,0,0,598.33
19310.000,1065,0,0,598.2
19320.000,1060,0,0,598.31
19330.000,1065,0,0,598.33
19340.000,1060,0,0,598.22
19350.000,1065,0,0,598.32
19360.000,1060,0,0,598.12
19370.000,1065,0,0,598.23
19380.000,1060,0,0,598.33
19390.000,1065,0,0,598.14
19400.000,1060,0,0,598.25
19410.000,1065,0,0,598.32
19420.000,1060,0,0,598.16
19430.000,1065,0,0,598.26
19440.000,1060,0,0,598.33
19450.000,1065,0,0,598.17
19460.000,1060,0,0,598.28
19470.000,1065,0,0,598.33
19480.000,1060,0,0,598.19
19490.000,1065,0,0,598.3
19500.000,1060,0,0,598.32
19510.000,1065,0,0,598.21
19520.000,1060,0,0,598.32
19530.000,1065,0,0,598.33
19540.000,1060,0,0,598.23
19550.000,1065,0,0,598.33
19560.000,1060,0,0,598.14
19570.000,1065,0,0,598.24
19580.000,1060,0,0,598.34
19590.000,1065,0,0,598.15
19600.000,1060,0,0,598.26
19610.000,1065,0,0,598.34
19620.000,1060,0,0,598.17
19630.000,1065,0,0,598.28
19640.000,1060,0,0,598.33
19650.000,1065,0,0,598.18
19660.000,1060,0,0,598.3
19670.000,1065,0,0,598.34
19680.000,1060,0,0,598.21
19690.000,1065,0,0,598.31
19700.000,1060,0,0,598.33
19710.000,1065,0,0,598.22
19720.000,1060,0,0,598.34
19730.000,1065,0,0,598.13
19740.000,1060,0,0,598.24
19750.000,1065,0,0,598.34
19760.000,1060,0,0,598.15
19770.000,1065,0,0,598.26
19780.000,1060,0,0,598.34
19790.000,1065,0,0,598.16
19800.000,1060,0,0,598.28
19810.000,1065,0,0,598.34
19820.000,1060,0,0,598.18
19830.000,1065,0,0,598.29
19840.000,1060,0,0,598.34
19850.000,1065,0,0,598.2
19860.000,1060,0,0,598.31
19870.000,1065,0,0,598.34
19880.000,1060,0,0,598.22
19890.000,1065,0,0,598.33
19900.000,1060,0,0,598.35
19910.000,1065,0,0,598.23
19920.000,1060,0,0,598.34
19930.000,1065,0,0,598.14
19940.000,1060,0,0,598.26
19950.000,1065,0,0,598.35
19960.000,1060,0,0,598.16
19970.000,1065,0,0,598.27
19980.000,1060,0,0,598.34
19990.000,1065,0,0,598.18
20000.000,1060,0,0,598.29
20010.000,1065,0,0,598.34
20020.000,1060,0,0,598.2
20030.000,1065,0,0,598.3
20040.000,1060,0,0,598.35
20050.000,1065,0,0,598.21
20060.000,1060,0,0,598.33
20070.000,1065,0,0,598.35
20080.000,1060,0,0,598.23
20090.000,1065,0,0,598.34
20100.000,1060,0,0,598.35
20110.000,1065,0,0,598.25
20120.000,1060,0,0,598.35
20130.000,1065,0,0,598.15
20140.000,1060,0,0,598.27
20150.000,1065,0,0,598.35
20160.000,1060,0,0,598.17
20170.000,1065,0,0,598.28
20180.000,1060,0,0,598.35
20190.000,1065,0,0,598.19
20200.000,1060,0,0,598.3
20210.000,1065,0,0,598.35
20220.000,1060,0,0,598.21
20230.000,1065,0,0,598.32
20240.000,1060,0,0,598.36
20250.000,1065,0,0,598.22
20260.000,1060,0,0,598.34
20270.000,1065,0,0,598.35
20280.000,1060,0,0,598.24
20290.000,1065,0,0,598.36
20300.000,1060,0,0,598.15
20310.000,1065,0,0,598.26
20320.000,1060,0,0,598.35
20330.000,1065,0,0,598.16
20340.000,1060,0,0,598.28
20350.000,1065,0,0,598.35
20360.000,1060,0,0,598.18
20370.000,1065,0,0,598.29
20380.000,1060,0,0,598.36
20390.000,1065,0,0,598.2
20400.000,1060,0,0,598.32
20410.000,1065,0,0,598.35
20420.000,1060,0,0,598.22
20430.000,1065,0,0,598.33
20440.000,1060,0,0,598.35
20450.000,1065,0,0,598.24
20460.000,1060,0,0,598.36
20470.000,1065,0,0,598.14
20480.000,1060,0,0,598.26
20490.000,1065,0,0,598.36
20500.000,1060,0,0,598.16
20510.000,1065,0,0,598.27
20520.000,1060,0,0,598.36
20530.000,1065,0,0,598.18
20540.000,1060,0,0,598.3
20550.000,1065,0,0,598.36
20560.000,1060,0,0,598.2
20570.000,1065,0,0,598.3
20580.000,1060,0,0,598.37
20590.000,1065,0,0,598.21
20600.000,1060,0,0,598.33
20610.000,1065,0,0,598.36
20620.000,1060,0,0,598.23
20630.000,1065,0,0,598.35
20640.000,1060,0,0,598.36
20650.000,1065,0,0,598.25
20660.000,1060,0,0,598.37
20670.000,1065,0,0,598.16
20680.000,1060,0,0,598.27
20690.000,1065,0,0,598.36
20700.000,1060,0,0,598.17
20710.000,1065,0,0,598.28
20720.000,1060,0,0,598.37
20730.000,1065,0,0,598.19
20740.000,1060,0,0,598.31
20750.000,1065,0,0,598.36
20760.000,1060,0,0,598.21
20770.000,1065,0,0,598.32
20780.000,1060,0,0,598.36
20790.000,1065,0,0,598.22
20800.000,1060,0,0,598.34
20810.000,1065,0,0,598.37
20820.000,1060,0,0,598.24
20830.000,1065,0,0,598.35
20840.000,1060,0,0,598.36
20850.000,1065,0,0,598.25
20860.000,1060,0,0,598.36
20870.000,1065,0,0,598.16
20880.000,1060,0,0,598.27
20890.000,1065,0,0,598.36
20900.000,1060,0,0,598.17
20910.000,1065,0,0,598.28
20920.000,1060,0,0,598.35
20930.000,1065,0,0,598.19
20940.000,1060,0,0,598.31
20950.000,1065,0,0,598.36
20960.000,1060,0,0,598.21
20970.000,1065,0,0,598.31
20980.000,1060,0,0,598.35
20990.000,1065,0,0,598.22
21000.000,1060,0,0,598.34
21010.000,1065,0,0,598.35
21020.000,1060,0,0,598.24
21030.000,1065,0,0,598.35
21040.000,1060,0,0,598.36
21050.000,1065,0,0,598.26
21060.000,1060,0,0,598.36
21070.000,1065,0,0,598.16
21080.000,1060,0,0,598.27
21090.000,1065,0,0,598.35
21100.000,1060,0,0,598.18
21110.000,1065,0,0,598.29
21120.000,1060,0,0,598.35
21130.000,1065,0,0,598.19
21140.000,1060,0,0,598.3
21150.000,1065,0,0,598.35
21160.000,1060,0,0,598.21
21170.000,1065,0,0,598.32
21180.000,1060,0,0,598.36
21190.000,1065,0,0,598.22
21200.000,1060,0,0,598.34
21210.000,1065,0,0,598.35
21220.000,1060,0,0,598.24
21230.000,1065,0,0,598.35
21240.000,1060,0,0,598.15
21250.000,1065,0,0,598.25
21260.000,1060,0,0,598.35
21270.000,1065,0,0,598.16
21280.000,1060,0,0,598.27
21290.000,1065,0,0,598.34
21300.000,1060,0,0,598.18
21310.000,1065,0,0,598.28
21320.000,1060,0,0,598.35
21330.000,1065,0,0,598.19
21340.000,1060,0,0,598.3
21350.000,1065,0,0,598.35
21360.000,1060,0,0,598.21
21370.000,1065,0,0,598.32
21380.000,1060,0,0,598.34
21390.000,1065,0,0,598.23
21400.000,1060,0,0,598.34
21410.000,1065,0,0,598.35
21420.000,1060,0,0,598.25
21430.000,1065,0,0,598.35
21440.000,1060,0,0,598.16
21450.000,1065,0,0,598.26
21460.000,1060,0,0,598.36
21470.000,1065,0,0,598.17
21480.000,1060,0,0,598.28
21490.000,1065,0,0,598.36
21500.000,1060,0,0,598.19
21510.000,1065,0,0,598.3
21520.000,1060,0,0,598.35
21530.000,1065,0,0,598.21
21540.000,1060,0,0,598.32
21550.000,1065,0,0,598.36
21560.000,1060,0,0,598.23
21570.000,1065,0,0,598.33
21580.000,1060,0,0,598.36
21590.000,1065,0,0,598.24
21600.000,1060,0,0,598.36
21610.000,1065,0,0,598.14
21620.000,1060,0,0,598.26
21630.000,1065,0,0,598.36
21640.000,1060,0,0,598.16
21650.000,1065,0,0,598.27
21660.000,1060,0,0,598.35
21670.000,1065,0,0,598.17
21680.000,1060,0,0,598.29
21690.000,1065,0,0,598.35
21700.000,1060,0,0,598.19
21710.000,1065,0,0,598.3
21720.000,1060,0,0,598.35
21730.000,1065,0,0,598.2
21740.000,1060,0,0,598.32
21750.000,1065,0,0,598.34
21760.000,1060,0,0,598.22
21770.000,1065,0,0,598.33
21780.000,1060,0,0,598.35
21790.000,1065,0,0,598.23
21800.000,1060,0,0,598.35
21810.000,1065,0,0,598.14
21820.000,1060,0,0,598.25
21830.000,1065,0,0,598.35
21840.000,1060,0,0,598.16
21850.000,1065,0,0,598.27
21860.000,1060,0,0,598.35
21870.000,1065,0,0,598.18
21880.000,1060,0,0,598.29
21890.000,1065,0,0,598.36
21900.000,1060,0,0,598.2
21910.000,1065,0,0,598.3
21920.000,1060,0,0,598.35
21930.000,1065,0,0,598.21
21940.000,1060,0,0,598.32
21950.000,1065,0,0,598.35
21960.000,1060,0,0,598.23
21970.000,1065,0,0,598.34
21980.000,1060,0,0,598.34
21990.000,1065,0,0,598.25
22000.000,1060,0,0,598.35
22010.000,1065,0,0,598.15
22020.000,1060,0,0,598.27
22030.000,1065,0,0,598.36
22040.000,1060,0,0,598.18
22050.000,1065,0,0,598.28
22060.000,1060,0,0,598.36
22070.000,1065,0,0,598.19
22080.000,1060,0,0,598.3
22090.000,1065,0,0,598.35
22100.000,1060,0,0,598.21
22110.000,1065,0,0,598.31
22120.000,1060,0,0,598.35
22130.000,1065,0,0,598.21
22140.000,1060,0,0,598.33
22150.000,1065,0,0,598.35
22160.000,1060,0,0,598.24
22170.000,1065,0,0,598.34
22180.000,1060,0,0,598.35
22190.000,1065,0,0,598.25
22200.000,1060,0,0,598.34
22210.000,1065,0,0,598.15
22220.000,1060,0,0,598.27
22230.000,1065,0,0,598.35
22240.000,1060,0,0,598.17
22250.000,1065,0,0,598.28
22260.000,1060,0,0,598.35
22270.000,1065,0,0,598.18
22280.000,1060,0,0,598.3
22290.000,1065,0,0,598.35
22300.000,1060,0,0,598.2
22310.000,1065,0,0,598.32
22320.000,1060,0,0,598.35
22330.000,1065,0,0,598.22
22340.000,1060,0,0,598.34
22350.000,1065,0,0,598.34
22360.000,1060,0,0,598.25
22370.000,1065,0,0,598.35
22380.000,1060,0,0,598.15
22390.000,1065,0,0,598.25
22400.000,1060,0,0,598.35
22410.000,1065,0,0,598.16
22420.000,1060,0,0,598.27
22430.000,1065,0,0,598.35
22440.000,1060,0,0,598.18
22450.000,1065,0,0,598.29
22460.000,1060,0,0,598.36
22470.000,1065,0,0,598.2
22480.000,1060,0,0,598.32
22490.000,1065,43,1,598.36
22500.000,1060,49,0,598.22
22510.000,1065,22,0,598.32
22520.000,1060,0,0,598.35
22530.000,1065,0,0,598.23
22540.000,1060,0,0,598.35
22550.000,1065,0,0,598.36
22560.000,1060,0,0,598.25
22570.000,1065,0,0,598.35
22580.000,1060,0,0,598.16
22590.000,1065,0,0,598.26
22600.000,1060,0,0,598.36
22610.000,1065,0,0,598.17
22620.000,1060,0,0,598.28
22630.000,1065,0,0,598.36
22640.000,1060,0,0,598.19
22650.000,1065,0,0,598.3
22660.000,1060,0,0,598.35
22670.000,1065,0,0,598.21
22680.000,1060,0,0,598.32
22690.000,1065,0,0,598.36
22700.000,1060,0,0,598.23
22710.000,1065,0,0,598.34
22720.000,1060,0,0,598.36
22730.000,1065,0,0,598.24
22740.000,1060,0,0,598.36
22750.000,1065,0,0,598.14
22760.000,1060,0,0,598.26
22770.000,1065,0,0,598.35
22780.000,1060,0,0,598.17
22790.000,1065,0,0,598.28
22800.000,1060,0,0,598.36
22810.000,1065,0,0,598.18
22820.000,1060,0,0,598.3
22830.000,1065,0,0,598.36
22840.000,1060,0,0,598.2
22850.000,1065,0,0,598.31
22860.000,1060,0,0,598.36
22870.000,1065,0,0,598.21
22880.000,1060,0,0,598.33
22890.000,1065,0,0,598.35
22900.000,1060,0,0,598.23
22910.000,1065,0,0,598.34
22920.000,1060,0,0,598.34
22930.000,1065,0,0,598.24
22940.000,1060,0,0,598.35
22950.000,1065,0,0,598.14
22960.000,1060,0,0,598.26
22970.000,1065,0,0,598.35
22980.000,1060,0,0,598.16
22990.000,1065,0,0,598.28
23000.000,1060,0,0,598.34
23010.000,1065,0,0,598.18
23020.000,1060,0,0,598.3
23030.000,1065,0,0,598.35
23040.000,1060,0,0,598.2
23050.000,1065,0,0,598.32
23060.000,1060,0,0,598.35
23070.000,1065,0,0,598.22
23080.000,1060,0,0,598.34
23090.000,1065,0,0,598.35
23100.000,1060,0,0,598.24
23110.000,1065,0,0,598.35
23120.000,1060,0,0,598.36
23130.000,1065,0,0,598.25
23140.000,1060,0,0,598.35
23150.000,1065,0,0,598.16
23160.000,1060,0,0,598.28
23170.000,1065,0,0,598.36
23180.000,1060,0,0,598.18
23190.000,1065,0,0,598.29
23200.000,1060,0,0,598.35
23210.000,1065,0,0,598.19
23220.000,1060,0,0,598.32
23230.000,1065,0,0,598.36
23240.000,1060,0,0,598.22
23250.000,1065,0,0,598.32
23260.000,1060,0,0,598.36
23270.000,1065,0,0,598.23
23280.000,1060,0,0,598.35
23290.000,1065,0,0,598.36
23300.000,1060,0,0,598.25
23310.000,1065,0,0,598.36
23320.000,1060,0,0,598.16
23330.000,1065,0,0,598.27
23340.000,1060,0,0,598.36
23350.000,1065,0,0,598.17
23360.000,1060,0,0,598.29
23370.000,1065,0,0,598.36
23380.000,1060,0,0,598.2
23390.000,1065,0,0,598.3
23400.000,1060,0,0,598.37
23410.000,1065,0,0,598.21
23420.000,1060,0,0,598.32
23430.000,1065,0,0,598.36
23440.000,1060,0,0,598.23
23450.000,1065,0,0,598.34
23460.000,1060,0,0,598.36
23470.000,1065,0,0,598.24
23480.000,1060,0,0,598.36
23490.000,1065,0,0,598.14
23500.000,1060,0,0,598.26
23510.000,1065,0,0,598.36
23520.000,1060,0,0,598.17
23530.000,1065,0,0,598.28
23540.000,1060,0,0,598.36
23550.000,1065,0,0,598.19
23560.000,1060,0,0,598.3
23570.000,1065,0,0,598.36
23580.000,1060,0,0,598.21
23590.000,1065,0,0,598.31
23600.000,1060,0,0,598.37
23610.000,1065,0,0,598.22
23620.000,1060,0,0,598.33
23630.000,1065,0,0,598.36
23640.000,1060,0,0,598.24
23650.000,1065,0,0,598.35
23660.000,1060,0,0,598.37
23670.000,1065,0,0,598.26
23680.000,1060,0,0,598.36
23690.000,1065,0,0,598.16
23700.000,1060,0,0,598.28
23710.000,1065,0,0,598.36
23720.000,1060,0,0,598.18
23730.000,1065,0,0,598.29
23740.000,1060,0,0,598.37
23750.000,1065,0,0,598.19
23760.000,1060,0,0,598.31
23770.000,1065,0,0,598.36
23780.000,1060,0,0,598.22
23790.000,1065,0,0,598.33
23800.000,1060,0,0,598.36
23810.000,1065,0,0,598.23
23820.000,1060,0,0,598.35
23830.000,1065,0,0,598.37
23840.000,1060,0,0,598.26
23850.000,1065,0,0,598.36
23860.000,1060,0,0,598.37
23870.000,1065,0,0,598.26
23880.000,1060,0,0,598.38
23890.000,1065,0,0,598.17
23900.000,1060,0,0,598.29
23910.000,1065,0,0,598.37
23920.000,1060,0,0,598.19
23930.000,1065,0,0,598.3
23940.000,1060,0,0,598.37
23950.000,1065,0,0,598.2
23960.000,1060,0,0,598.32
23970.000,1065,0,0,598.36
23980.000,1060,0,0,598.22
23990.000,1065,0,0,598.33
24000.000,1060,0,0,598.37
24010.000,1065,0,0,598.23
24020.000,1060,0,0,598.35
24030.000,1065,0,0,598.36
24040.000,1060,0,0,598.25
24050.000,1065,0,0,598.36
24060.000,1060,0,0,598.16
24070.000,1065,0,0,598.26
24080.000,1060,0,0,598.36
24090.000,1065,0,0,598.17
24100.000,1060,0,0,598.28
24110.000,1065,0,0,598.35
24120.000,1060,0,0,598.19
24130.000,1065,0,0,598.29
24140.000,1060,0,0,598.36
24150.000,1065,0,0,598.2
24160.000,1060,0,0,598.32
24170.000,1065,0,0,598.36
24180.000,1060,0,0,598.22
24190.000,1065,0,0,598.32
24200.000,1060,0,0,598.35
24210.000,1065,0,0,598.23
24220.000,1060,0,0,598.35
24230.000,1065,0,0,598.36
24240.000,1060,0,0,598.25
24250.000,1065,0,0,598.36
24260.000,1060,0,0,598.16
24270.000,1065,0,0,598.27
24280.000,1060,0,0,598.36
24290.000,1065,0,0,598.18
24300.000,1060,0,0,598.29
24310.000,1065,0,0,598.36
24320.000,1060,0,0,598.2
24330.000,1065,0,0,598.3
24340.000,1060,0,0,598.36
24350.000,1065,0,0,598.21
24360.000,1060,0,0,598.33
24370.000,1065,0,0,598.37
24380.000,1060,0,0,598.23
24390.000,1065,0,0,598.34
24400.000,1060,0,0,598.37
24410.000,1065,0,0,598.25
24420.000,1060,0,0,598.36
24430.000,1065,0,0,598.16
24440.000,1060,0,0,598.27
24450.000,1065,0,0,598.37
24460.000,1060,0,0,598.17
24470.000,1065,0,0,598.28
24480.000,1060,0,0,598.36
24490.000,1065,0,0,598.19
24500.000,1060,0,0,598.3
24510.000,1065,0,0,598.37
24520.000,1060,0,0,598.21
24530.000,1065,0,0,598.31
24540.000,1060,0,0,598.36
24550.000,1065,0,0,598.22
24560.000,1060,0,0,598.33
24570.000,1065,0,0,598.36
24580.000,1060,0,0,598.24
24590.000,1065,0,0,598.34
24600.000,1060,0,0,598.36
24610.000,1065,0,0,598.25
24620.000,1060,0,0,598.35
24630.000,1065,0,0,598.15
24640.000,1060,0,0,598.27
24650.000,1065,0,0,598.35
24660.000,1060,0,0,598.17
24670.000,1065,0,0,598.28
24680.000,1060,0,0,598.36
24690.000,1065,0,0,598.18
24700.000,1060,0,0,598.3
24710.000,1065,0,0,598.35
24720.000,1060,0,0,598.21
24730.000,1065,0,0,598.31
24740.000,1060,0,0,598.36
24750.000,1065,0,0,598.22
24760.000,1060,0,0,598.34
24770.000,1065,0,0,598.36
24780.000,1060,0,0,598.24
24790.000,1065,0,0,598.35
24800.000,1060,0,0,598.36
24810.000,1065,0,0,598.26
24820.000,1060,0,0,598.37
24830.000,1065,0,0,598.16
24840.000,1060,0,0,598.28
24850.000,1065,0,0,598.36
24860.000,1060,0,0,598.18
24870.000,1065,0,0,598.29
24880.000,1060,0,0,598.36
24890.000,1065,0,0,598.19
24900.000,1060,0,0,598.31
24910.000,1065,0,0,598.36
24920.000,1060,0,0,598.22
24930.000,1065,0,0,598.32
24940.000,1060,0,0,598.36
24950.000,1065,0,0,598.22
24960.000,1060,0,0,598.34
24970.000,1065,0,0,598.36
24980.000,1060,0,0,598.25
24990.000,1065,0,0,598.36
25000.000,1060,0,0,598.15
25010.000,1065,0,0,598.26
25020.000,1060,0,0,598.36
25030.000,1065,0,0,598.16
25040.000,1060,0,0,598.28
25050.000,1065,0,0,598.35
25060.000,1060,0,0,598.18
25070.000,1065,0,0,598.3
25080.000,1060,0,0,598.36
25090.000,1065,0,0,598.2
25100.000,1060,0,0,598.32
25110.000,1065,0,0,598.36
25120.000,1060,0,0,598.22
25130.000,1065,0,0,598.33
25140.000,1060,0,0,598.36
25150.000,1065,0,0,598.23
25160.000,1060,0,0,598.36
25170.000,1065,0,0,598.36
25180.000,1060,0,0,598.26
25190.000,1065,0,0,598.36
25200.000,1060,0,0,598.16
25210.000,1065,0,0,598.27
25220.000,1060,0,0,598.36
25230.000,1065,0,0,598.18
25240.000,1060,0,0,598.3
25250.000,1065,0,0,598.36
25260.000,1060,0,0,598.2
25270.000,1065,0,0,598.31
25280.000,1060,0,0,598.37
25290.000,1065,0,0,598.22
25300.000,1060,0,0,598.34
25310.000,1065,0,0,598.37
25320.000,1060,0,0,598.24
25330.000,1065,0,0,598.35
25340.000,1060,0,0,598.36
25350.000,1065,0,0,598.25
25360.000,1060,0,0,598.37
25370.000,1065,0,0,598.16
25380.000,1060,0,0,598.27
25390.000,1065,0,0,598.37
25400.000,1060,0,0,598.18
25410.000,1065,0,0,598.29
25420.000,1060,0,0,598.37
25430.000,1065,0,0,598.2
25440.000,1060,0,0,598.32
25450.000,1065,0,0,598.37
25460.000,1060,0,0,598.22
25470.000,1065,0,0,598.33
25480.000,1060,0,0,598.37
25490.000,1065,0,0,598.23
25500.000,1060,0,0,598.35
25510.000,1065,0,0,598.38
25520.000,1060,0,0,598.25
25530.000,1065,0,0,598.36
25540.000,1060,0,0,598.38
25550.000,1065,0,0,598.27
25560.000,1060,0,0,598.38
25570.000,1065,0,0,598.18
25580.000,1060,0,0,598.29
25590.000,1065,0,0,598.37
25600.000,1060,0,0,598.2
25610.000,1065,0,0,598.31
25620.000,1060,0,0,598.38
25630.000,1065,0,0,598.22
25640.000,1060,0,0,598.33
25650.000,1065,0,0,598.38
25660.000,1060,0,0,598.24
25670.000,1065,0,0,598.34
25680.000,1060,0,0,598.38
25690.000,1065,0,0,598.25
25700.000,1060,0,0,598.36
25710.000,1065,0,0,598.38
25720.000,1060,0,0,598.27
25730.000,1065,0,0,598.38
25740.000,1060,0,0,598.18
25750.000,1065,0,0,598.29
25760.000,1060,0,0,598.38
25770.000,1065,0,0,598.2
25780.000,1060,0,0,598.31
25790.000,1065,0,0,598.39
25800.000,1060,0,0,598.22
25810.000,1065,0,0,598.33
25820.000,1060,0,0,598.38
25830.000,1065,0,0,598.24
25840.000,1060,0,0,598.35
25850.000,1065,0,0,598.39
25860.000,1060,0,0,598.26
25870.000,1065,0,0,598.36
25880.000,1060,0,0,598.39
25890.000,1065,0,0,598.27
25900.000,1060,0,0,598.38
25910.000,1065,0,0,598.17
25920.000,1060,0,0,598.29
25930.000,1065,0,0,598.39
25940.000,1060,0,0,598.2
25950.000,1065,0,0,598.31
25960.000,1060,0,0,598.39
25970.000,1065,0,0,598.21
25980.000,1060,0,0,598.33
25990.000,1065,0,0,598.39
26000.000,1060,0,0,598.24
26010.000,1065,0,0,598.34
26020.000,1060,0,0,598.39
26030.000,1065,0,0,598.24
26040.000,1060,0,0,598.37
26050.000,1065,0,0,598.39
26060.000,1060,0,0,598.28
26070.000,1065,0,0,598.38
26080.000,1060,0,0,598.39
26090.000,1065,0,0,598.29
26100.000,1060,0,0,598.4
26110.000,1065,0,0,598.19
26120.000,1060,0,0,598.31
26130.000,1065,0,0,598.39
26140.000,1060,0,0,598.21
26150.000,1065,0,0,598.33
26160.000,1060,0,0,598.39
26170.000,1065,0,0,598.23
26180.000,1060,0,0,598.35
26190.000,1065,0,0,598.39
26200.000,1060,5,0,598.24
26210.000,1065,0,0,598.36
26220.000,1060,0,0,598.39
26230.000,1065,0,0,598.26
26240.000,1060,0,0,598.38
26250.000,1065,0,0,598.39
26260.000,1060,0,0,598.28
26270.000,1065,0,0,598.39
26280.000,1060,0,0,598.18
26290.000,1065,0,0,598.29
26300.000,1060,0,0,598.39
26310.000,1065,0,0,598.19
26320.000,1060,0,0,598.32
26330.000,1065,0,0,598.38
26340.000,1060,0,0,598.22
26350.000,1065,0,0,598.32
26360.000,1060,0,0,598.39
26370.000,1065,0,0,598.23
26380.000,1060,0,0,598.35
26390.000,1065,0,0,598.38
26400.000,1060,0,0,598.25
26410.000,1065,0,0,598.36
26420.000,1060,0,0,598.38
26430.000,1065,0,0,598.26
26440.000,1060,0,0,598.38
26450.000,1065,0,0,598.17
26460.000,1060,0,0,598.28
26470.000,1065,0,0,598.39
26480.000,1060,0,0,598.19
26490.000,1065,0,0,598.3
26500.000,1060,0,0,598.38
26510.000,1065,0,0,598.21
26520.000,1060,0,0,598.32
26530.000,1065,0,0,598.39
26540.000,1060,0,0,598.23
26550.000,1065,0,0,598.34
26560.000,1060,0,0,598.39
26570.000,1065,0,0,598.24
26580.000,1060,0,0,598.36
26590.000,1065,0,0,598.38
26600.000,1060,0,0,598.27
26610.000,1065,0,0,598.37
26620.000,1060,0,0,598.39
26630.000,1065,0,0,598.28
26640.000,1060,0,0,598.39
26650.000,1065,0,0,598.19
26660.000,1060,0,0,598.3
26670.000,1065,0,0,598.4
26680.000,1060,0,0,598.21
26690.000,1065,0,0,598.32
26700.000,1060,0,0,598.39
26710.000,1065,0,0,598.23
26720.000,1060,0,0,598.34
26730.000,1065,0,0,598.39
26740.000,1060,0,0,598.25
26750.000,1065,0,0,598.35
26760.000,1060,0,0,598.4
26770.000,1065,0,0,598.26
26780.000,1060,0,0,598.38
26790.000,1065,0,0,598.4
26800.000,1060,0,0,598.28
26810.000,1065,0,0,598.39
26820.000,1060,0,0,598.19
26830.000,1065,0,0,598.3
26840.000,1060,0,0,598.4
26850.000,1065,0,0,598.2
26860.000,1060,0,0,598.32
26870.000,1065,0,0,598.39
26880.000,1060,0,0,598.22
26890.000,1065,0,0,598.33
26900.000,1060,0,0,598.4
26910.000,1065,0,0,598.23
26920.000,1060,0,0,598.35
26930.000,1065,0,0,598.39
26940.000,1060,0,0,598.25
26950.000,1065,0,0,598.36
26960.000,1060,0,0,598.38
26970.000,1065,0,0,598.26
26980.000,1060,0,0,598.38
26990.000,1065,0,0,598.39
27000.000,1060,0,0,598.28
27010.000,1065,0,0,598.38
27020.000,1060,0,0,598.19
27030.000,1065,0,0,598.3
27040.000,1060,0,0,598.38
27050.000,1065,0,0,598.2
27060.000,1060,0,0,598.32
27070.000,1065,0,0,598.39
27080.000,1060,0,0,598.22
27090.000,1065,0,0,598.33
27100.000,1060,0,0,598.38
27110.000,1065,0,0,598.24
27120.000,1060,0,0,598.35
27130.000,1065,0,0,598.39
27140.000,1060,0,0,598.26
27150.000,1065,0,0,598.37
27160.000,1060,0,0,598.39
27170.000,1065,0,0,598.28
27180.000,1060,0,0,598.39
27190.000,1065,0,0,598.18
27200.000,1060,0,0,598.3
27210.000,1065,0,0,598.39
27220.000,1060,0,0,598.21
27230.000,1065,0,0,598.31
27240.000,1060,0,0,598.39
27250.000,1065,0,0,598.22
27260.000,1060,0,0,598.34
27270.000,1065,0,0,598.39
27280.000,1060,0,0,598.24
27290.000,1065,0,0,598.35
27300.000,1060,0,0,598.4
27310.000,1065,0,0,598.26
27320.000,1060,0,0,598.37
27330.000,1065,0,0,598.39
27340.000,1060,0,0,598.28
27350.000,1065,0,0,598.38
27360.000,1060,0,0,598.39
27370.000,1065,0,0,598.29
27380.000,1060,0,0,598.4
27390.000,1065,0,0,598.2
27400.000,1060,0,0,598.31
27410.000,1065,0,0,598.39
27420.000,1060,0,0,598.21
27430.000,1065,0,0,598.32
27440.000,1060,0,0,598.39
27450.000,1065,0,0,598.23
27460.000,1060,0,0,598.34
27470.000,1065,0,0,598.39
27480.000,1060,0,0,598.24
27490.000,1065,0,0,598.35
27500.000,1060,0,0,598.38
27510.000,1065,0,0,598.26
27520.000,1060,0,0,598.37
27530.000,1065,0,0,598.39
27540.000,1060,0,0,598.28
27550.000,1065,0,0,598.38
27560.000,1060,0,0,598.18
27570.000,1065,0,0,598.29
27580.000,1060,0,0,598.39
27590.000,1065,0,0,598.19
27600.000,1060,0,0,598.31
27610.000,1065,0,0,598.39
27620.000,1060,0,0,598.22
27630.000,1065,0,0,598.33
27640.000,1060,0,0,598.39
27650.000,1065,0,0,598.23
27660.000,1060,0,0,598.35
27670.000,1065,0,0,598.38
27680.000,1060,0,0,598.26
27690.000,1065,0,0,598.37
27700.000,1060,0,0,598.39
27710.000,1065,0,0,598.26
27720.000,1060,0,0,598.38
27730.000,1065,0,0,598.39
27740.000,1060,0,0,598.29
27750.000,1065,0,0,598.38
27760.000,1060,0,0,598.19
27770.000,1065,0,0,598.3
27780.000,1060,0,0,598.39
27790.000,1065,0,0,598.2
27800.000,1060,0,0,598.33
27810.000,1065,0,0,598.38
27820.000,1060,0,0,598.22
27830.000,1065,0,0,598.33
27840.000,1060,0,0,598.39
27850.000,1065,0,0,598.24
27860.000,1060,0,0,598.36
27870.000,1065,0,0,598.38
27880.000,1060,0,0,598.26
27890.000,1065,0,0,598.37
27900.000,1060,0,0,598.38
27910.000,1065,0,0,598.27
27920.000,1060,0,0,598.39
27930.000,1065,0,0,598.17
27940.000,1060,0,0,598.29
27950.000,1065,0,0,598.38
27960.000,1060,0,0,598.2
27970.000,1065,0,0,598.3
27980.000,1060,0,0,598.38
27990.000,1065,0,0,598.21
28000.000,1060,0,0,598.33
28010.000,1065,0,0,598.38
28020.000,1060,0,0,598.24
28030.000,1065,0,0,598.34
28040.000,1060,0,0,598.39
28050.000,1065,0,0,598.25
28060.000,1060,0,0,598.37
28070.000,1065,0,0,598.39
28080.000,1060,0,0,598.27
28090.000,1065,0,0,598.38
28100.000,1060,0,0,598.39
28110.000,1065,0,0,598.29
28120.000,1060,0,0,598.39
28130.000,1065,0,0,598.2
28140.000,1060,0,0,598.31
28150.000,1065,0,0,598.39
28160.000,1060,0,0,598.22
28170.000,1065,0,0,598.33
28180.000,1060,0,0,598.39
28190.000,1065,0,0,598.24
28200.000,1060,0,0,598.35
28210.000,1065,0,0,598.4
28220.000,1060,0,0,598.26
28230.000,1065,0,0,598.37
28240.000,1060,0,0,598.39
28250.000,1065,0,0,598.27
28260.000,1060,0,0,598.39
28270.000,1065,0,0,598.39
28280.000,1060,0,0,598.3
28290.000,1065,0,0,598.4
28300.000,1060,0,0,598.2
28310.000,1065,0,0,598.31
28320.000,1060,0,0,598.4
28330.000,1065,0,0,598.21
28340.000,1060,0,0,598.33
28350.000,1065,0,0,598.39
28360.000,1060,0,0,598.23
28370.000,1065,0,0,598.35
28380.000,1060,0,0,598.4
28390.000,1065,0,0,598.25
28400.000,1060,0,0,598.37
28410.000,1065,0,0,598.4
28420.000,1060,0,0,598.28
28430.000,1065,0,0,598.38
28440.000,1060,0,0,598.4
28450.000,1065,0,0,598.28
28460.000,1060,0,0,598.4
28470.000,1065,0,0,598.19
28480.000,1060,0,0,598.32
28490.000,1065,0,0,598.4
28500.000,1060,0,0,598.22
28510.000,1065,0,0,598.32
28520.000,1060,0,0,598.4
28530.000,1065,0,0,598.23
28540.000,1060,0,0,598.35
28550.000,1065,0,0,598.41
28560.000,1060,0,0,598.25
28570.000,1065,0,0,598.36
28580.000,1060,0,0,598.4
28590.000,1065,0,0,598.27
28600.000,1060,0,0,598.39
28610.000,1065,0,0,598.4
28620.000,1060,0,0,598.29
28630.000,1065,0,0,598.4
28640.000,1060,0,0,598.2
28650.000,1065,0,0,598.3
28660.000,1060,0,0,598.4
28670.000,1065,0,0,598.21
28680.000,1060,0,0,598.33
28690.000,1065,0,0,598.4
28700.000,1060,0,0,598.23
28710.000,1065,0,0,598.34
28720.000,1060,0,0,598.4
28730.000,1065,0,0,598.24
28740.000,1060,0,0,598.36
28750.000,1065,0,0,598.4
28760.000,1060,0,0,598.26
28770.000,1065,0,0,598.37
28780.000,1060,0,0,598.4
28790.000,1065,0,0,598.28
28800.000,1060,0,0,598.39
28810.000,1065,0,0,598.17
28820.000,1060,0,0,598.29
28830.000,1065,0,0,598.4
28840.000,1060,0,0,598.2
28850.000,1065,0,0,598.31
28860.000,1060,0,0,598.39
28870.000,1065,0,0,598.21
28880.000,1060,0,0,598.33
28890.000,1065,0,0,598.39
28900.000,1060,0,0,598.24
28910.000,1065,0,0,598.35
28920.000,1060,0,0,598.4
28930.000,1065,0,0,598.25
28940.000,1060,0,0,598.37
28950.000,1065,0,0,598.4
28960.000,1060,0,0,598.28
28970.000,1065,0,0,598.39
28980.000,1060,0,0,598.39
28990.000,1065,0,0,598.29
29000.000,1060,0,0,598.4
29010.000,1065,0,0,598.2
29020.000,1060,0,0,598.32
29030.000,1065,0,0,598.4
29040.000,1060,0,0,598.22
29050.000,1065,0,0,598.33
29060.000,1060,0,0,598.4
29070.000,1065,0,0,598.23
29080.000,1060,0,0,598.35
29090.000,1065,0,0,598.41
29100.000,1060,0,0,598.25
29110.000,1065,0,0,598.36
29120.000,1060,0,0,598.4
29130.000,1065,0,0,598.27
29140.000,1060,0,0,598.39
29150.000,1065,0,0,598.4
29160.000,1060,0,0,598.29
29170.000,1065,0,0,598.4
29180.000,1060,0,0,598.2
29190.000,1065,0,0,598.31
29200.000,1060,0,0,598.41
29210.000,1065,0,0,598.22
29220.000,1060,0,0,598.33
29230.000,1065,0,0,598.4
29240.000,1060,0,0,598.24
29250.000,1065,0,0,598.34
29260.000,1060,0,0,598.41
29270.000,1065,0,0,598.25
29280.000,1060,0,0,598.36
29290.000,1065,0,0,598.4
29300.000,1060,0,0,598.27
29310.000,1065,0,0,598.38
29320.000,1060,0,0,598.41
29330.000,1065,0,0,598.29
29340.000,1060,0,0,598.4
29350.000,1065,0,0,598.19
29360.000,1060,0,0,598.31
29370.000,1065,0,0,598.41
29380.000,1060,0,0,598.22
29390.000,1065,0,0,598.32
29400.000,1060,0,0,598.4
29410.000,1065,0,0,598.22
29420.000,1060,0,0,598.34
29430.000,1065,0,0,598.4
29440.000,1060,0,0,598.25
29450.000,1065,0,0,598.36
29460.000,1060,0,0,598.41
29470.000,1065,0,0,598.26
29480.000,1060,0,0,598.38
29490.000,1065,0,0,598.41
29500.000,1060,0,0,598.29
29510.000,1065,0,0,598.4
29520.000,1060,0,0,598.4
29530.000,1065,0,0,598.3
29540.000,1060,0,0,598.41
29550.000,1065,0,0,598.2
29560.000,1060,0,0,598.32
29570.000,1065,0,0,598.4
29580.000,1060,0,0,598.22
29590.000,1065,0,0,598.33
29600.000,1060,0,0,598.4
29610.000,1065,0,0,598.23
29620.000,1060,0,0,598.35
29630.000,1065,0,0,598.41
29640.000,1060,0,0,598.25
29650.000,1065,0,0,598.36
29660.000,1060,0,0,598.4
29670.000,1065,0,0,598.26
29680.000,1060,0,0,598.38
29690.000,1065,0,0,598.4
29700.000,1060,0,0,598.28
29710.000,1065,0,0,598.39
29720.000,1060,0,0,598.19
29730.000,1065,0,0,598.29
29740.000,1060,0,0,598.4
29750.000,1065,0,0,598.2
29760.000,1060,0,0,598.31
29770.000,1065,0,0,598.39
29780.000,1060,0,0,598.22
29790.000,1065,0,0,598.33
29800.000,1060,0,0,598.39
29810.000,1065,0,0,598.23
29820.000,1060,0,0,598.34
29830.000,1065,0,0,598.39
29840.000,1060,0,0,598.25
29850.000,1065,0,0,598.36
29860.000,1060,0,0,598.38
29870.000,1065,0,0,598.26
29880.000,1060,0,0,598.38
29890.000,1065,0,0,598.39
29900.000,1060,0,0,598.28
29910.000,1065,0,0,598.38
29920.000,1060,0,0,598.19
29930.000,1065,0,0,598.3
29940.000,1060,0,0,598.38
29950.000,1065,0,0,598.2
29960.000,1060,0,0,598.32
29970.000,1065,0,0,598.38
29980.000,1060,0,0,598.23
29990.000,1065,0,0,598.34
