id,src,dst,route,size,period,deadline,jitter,offset_ns,scheduled,fixed
1,S3,S1,S3->sw01->sw02->S1,500,800000,800000,800000,12000,yes,yes
2,S2,S1,S2->sw08->sw06->sw05->sw02->S1,400,200000,200000,200000,,no,no
3,S3,S2,S3->sw01->sw03->sw06->sw08->S2,100,400000,400000,400000,,no,no
4,S1,S3,S1->sw02->sw01->S3,300,100000,100000,100000,0,yes,yes
5,S2,S1,S2->sw08->sw06->sw05->sw02->S1,200,200000,200000,200000,6720,yes,yes
6,S2,S1,S2->sw08->sw06->sw05->sw02->S1,100,400000,400000,400000,,no,no
7,S2,S1,S2->sw08->sw06->sw05->sw02->S1,300,800000,800000,800000,,no,no
8,S2,S3,S2->sw08->sw06->sw03->sw01->S3,100,800000,800000,800000,14720,yes,yes
9,S3,S2,S3->sw01->sw03->sw06->sw08->S2,500,200000,200000,200000,,no,no
10,S1,S3,S1->sw02->sw01->S3,100,400000,400000,400000,5120,yes,yes
11,S3,S2,S3->sw01->sw03->sw06->sw08->S2,500,800000,800000,800000,,no,no
12,S2,S1,S2->sw08->sw06->sw05->sw02->S1,100,400000,400000,400000,11200,yes,yes
13,S1,S2,S1->sw02->sw05->sw06->sw08->S2,300,100000,100000,100000,,no,no
14,S1,S2,S1->sw02->sw05->sw06->sw08->S2,100,400000,400000,400000,,no,no
15,S2,S3,S2->sw08->sw06->sw03->sw01->S3,400,100000,100000,100000,0,yes,yes
16,S3,S2,S3->sw01->sw03->sw06->sw08->S2,200,800000,800000,800000,20320,yes,yes
17,S2,S3,S2->sw08->sw06->sw03->sw01->S3,200,200000,200000,200000,,no,no
18,S3,S2,S3->sw01->sw03->sw06->sw08->S2,100,200000,200000,200000,10080,yes,yes
19,S3,S1,S3->sw01->sw02->S1,500,100000,100000,100000,,no,no
20,S3,S1,S3->sw01->sw02->S1,200,100000,100000,100000,4160,yes,yes
