id,src,dst,route,size,period,deadline,jitter,offset_ns,scheduled
1,S3,S1,S3->sw01->sw02->S1,500,200000,200000,200000,0,yes
2,S2,S1,S2->sw08->sw07->sw05->sw02->S1,400,200000,200000,200000,,no
3,S3,S2,S3->sw01->sw03->sw06->sw08->S2,100,200000,200000,200000,,no
4,S1,S3,S1->sw02->sw01->S3,300,800000,800000,800000,5120,yes
5,S2,S1,S2->sw08->sw07->sw05->sw02->S1,200,400000,400000,400000,3520,yes
6,S2,S1,S2->sw08->sw07->sw05->sw02->S1,100,400000,400000,400000,,no
7,S2,S1,S2->sw08->sw07->sw05->sw02->S1,300,800000,800000,800000,,no
8,S2,S3,S2->sw08->sw06->sw03->sw01->S3,100,800000,800000,800000,14720,yes
9,S3,S2,S3->sw01->sw03->sw06->sw08->S2,500,200000,200000,200000,6720,yes
10,S1,S3,S1->sw02->sw01->S3,100,800000,800000,800000,,no
11,S3,S2,S3->sw01->sw03->sw06->sw08->S2,500,800000,800000,800000,,no
12,S2,S1,S2->sw08->sw07->sw05->sw02->S1,100,800000,800000,800000,,no
13,S1,S2,S1->sw02->sw05->sw07->sw08->S2,300,400000,400000,400000,,no
14,S1,S2,S1->sw02->sw05->sw07->sw08->S2,100,200000,200000,200000,0,yes
15,S2,S3,S2->sw08->sw06->sw03->sw01->S3,400,400000,400000,400000,8640,yes
16,S3,S2,S3->sw01->sw03->sw06->sw08->S2,200,200000,200000,200000,,no
17,S2,S3,S2->sw08->sw06->sw03->sw01->S3,200,800000,800000,800000,19840,yes
18,S3,S2,S3->sw01->sw03->sw06->sw08->S2,100,400000,400000,400000,,no
19,S3,S1,S3->sw01->sw02->S1,500,400000,400000,400000,18560,yes
20,S3,S1,S3->sw01->sw02->S1,200,200000,200000,200000,13440,yes
