scenario,strategy,mode,entries,nodelay,rep,switches,ports,live_ports,ssh_commands,update_ms,commands_ms,configured_ms,activation_spread_ms,send_ms_sum,switch_ms_sum,switch_ms_max_per_switch,basetime_margin_ms,t_first_send,t_first_cct,t_last_cct
1-switch,sequential,immediate,own,0,0,1,4,4,4,393.1653,396.8849,393.6825,311.2000,133.7731,249.9285,249.9285,,1791482590743634724,1791482590825600000,1791482591136800000
1-switch,sequential,immediate,own,0,1,1,4,4,4,398.0791,402.4484,399.2531,317.6000,132.2415,256.8617,256.8617,,1791482591441120893,1791482591521600000,1791482591839200000
1-switch,sequential,immediate,own,0,2,1,4,4,4,393.7952,398.1326,394.7750,322.3998,130.1867,252.8456,252.8456,,1791482592144604568,1791482592216000000,1791482592538399751
1-switch,sequential,immediate,own,0,3,1,4,4,4,405.5103,408.1036,405.9202,328.7998,131.5534,263.3001,263.3001,,1791482592843289479,1791482592920000000,1791482593248799751
1-switch,sequential,immediate,own,0,4,1,4,4,4,390.6654,394.9936,391.2286,317.6002,130.9068,249.8352,249.8352,,1791482593551734565,1791482593624799751,1791482593942400000
1-switch,sequential,immediate,own,0,5,1,4,4,4,390.9985,394.8101,391.9504,315.9998,131.6050,250.7925,250.7925,,1791482594247401248,1791482594322400000,1791482594638399751
1-switch,sequential,immediate,own,0,6,1,4,4,4,390.0267,394.0230,390.6393,316.8002,131.1412,249.1607,249.1607,,1791482594943573313,1791482595016799751,1791482595333600000
1-switch,sequential,immediate,own,0,7,1,4,4,4,393.7248,397.2166,393.9755,316.0000,131.9054,252.0516,252.0516,,1791482595638274977,1791482595715999751,1791482596031999751
1-switch,sequential,immediate,own,0,8,1,4,4,4,388.2888,392.6178,389.3131,315.2000,132.1134,246.4909,246.4909,,1791482596336511246,1791482596409600000,1791482596724800000
1-switch,sequential,immediate,own,0,9,1,4,4,4,398.6961,402.1875,399.0144,320.7998,131.9557,256.0540,256.0540,,1791482597030103697,1791482597108000000,1791482597428799751
1-switch,sequential,immediate,own,0,10,1,4,4,4,383.4605,388.1883,385.1213,311.2000,132.1583,244.4322,244.4322,,1791482597733339527,1791482597805600000,1791482598116800000
1-switch,sequential,immediate,own,0,11,1,4,4,4,382.6981,386.4103,383.1739,307.9998,132.0107,240.6932,240.6932,,1791482598422101635,1791482598496800000,1791482598804799751
1-switch,sequential,immediate,own,0,12,1,4,4,4,338.2112,342.6649,340.0494,268.0000,89.3528,242.0108,242.0108,,1791482599109788808,1791482599180000000,1791482599448000000
1-switch,sequential,immediate,own,0,13,1,4,4,4,346.3068,350.9793,348.1553,272.0000,90.8301,247.0352,247.0352,,1791482599753693188,1791482599828000000,1791482600100000000
1-switch,sequential,immediate,own,0,14,1,4,4,4,382.3138,386.0770,382.9844,311.2000,132.3683,240.0601,240.0601,,1791482600405686179,1791482600476800000,1791482600788000000
1-switch,sequential,immediate,own,0,15,1,4,4,4,389.6888,393.4802,390.7290,312.7998,132.9571,246.8889,246.8889,,1791482601092710948,1791482601169600000,1791482601482399751
1-switch,sequential,immediate,own,0,16,1,4,4,4,346.4040,348.8680,346.8086,273.5998,89.3767,249.6305,249.6305,,1791482601786395720,1791482601859200000,1791482602132799751
1-switch,sequential,immediate,own,0,17,1,4,4,4,335.6579,338.7320,336.6121,260.8002,89.0500,240.4234,240.4234,,1791482602435542147,1791482602510399751,1791482602771200000
1-switch,sequential,immediate,own,0,18,1,4,4,4,339.7982,342.9587,340.7801,267.9998,88.9268,245.0251,245.0251,,1791482603074601583,1791482603146400000,1791482603414399751
1-switch,sequential,immediate,own,0,19,1,4,4,4,337.3752,340.7061,337.8848,261.5998,88.3293,242.5346,242.5346,,1791482603717824524,1791482603793600000,1791482604055199751
1-switch,parallel,immediate,own,0,0,1,4,4,4,334.7709,338.3516,335.6050,263.2000,90.0966,238.3223,238.3223,,1791482604358829141,1791482604430400000,1791482604693600000
1-switch,parallel,immediate,own,0,1,1,4,4,4,387.6457,392.3211,389.7048,311.2000,132.1835,246.0105,246.0105,,1791482604997954292,1791482605074400000,1791482605385600000
1-switch,parallel,immediate,own,0,2,1,4,4,4,391.5042,394.8894,392.5401,321.6000,131.0423,251.9186,251.9186,,1791482605691695797,1791482605761600000,1791482606083200000
1-switch,parallel,immediate,own,0,3,1,4,4,4,388.5698,392.8026,389.5370,312.8002,130.9083,247.8339,247.8339,,1791482606387430178,1791482606463199751,1791482606776000000
1-switch,parallel,immediate,own,0,4,1,4,4,4,376.3140,379.8053,377.1270,305.6000,131.7675,235.0973,235.0973,,1791482607082085960,1791482607152800000,1791482607458400000
1-switch,parallel,immediate,own,0,5,1,4,4,4,380.2109,383.7342,380.5967,307.1998,130.5638,240.3928,240.3928,,1791482607763788874,1791482607836800000,1791482608143999751
1-switch,parallel,immediate,own,0,6,1,4,4,4,381.0990,385.0328,381.9882,310.4000,130.3602,240.6550,240.6550,,1791482608449301045,1791482608520000000,1791482608830400000
1-switch,parallel,immediate,own,0,7,1,4,4,4,518.6905,521.7588,519.3468,443.2002,131.8754,376.5041,376.5041,,1791482609135709536,1791482609211199751,1791482609654400000
1-switch,parallel,immediate,own,0,8,1,4,4,4,375.7004,380.8499,376.7295,307.2000,130.3786,236.9199,236.9199,,1791482609957899633,1791482610026400000,1791482610333600000
1-switch,parallel,immediate,own,0,9,1,4,4,4,391.3292,395.4884,392.8068,312.0000,131.5541,249.9646,249.9646,,1791482610639870590,1791482610719199751,1791482611031199751
1-switch,parallel,immediate,own,0,10,1,4,4,4,387.6176,391.2988,387.9411,314.3998,131.4377,246.6058,246.6058,,1791482611337182139,1791482611410400000,1791482611724799751
1-switch,parallel,immediate,own,0,11,1,4,4,4,399.8217,404.6060,400.7559,321.6000,131.8239,258.5138,258.5138,,1791482612029778291,1791482612108000000,1791482612429600000
1-switch,parallel,immediate,own,0,12,1,4,4,4,391.3066,394.5967,391.5491,319.9998,130.8892,248.7617,248.7617,,1791482612735893106,1791482612807200000,1791482613127199751
1-switch,parallel,immediate,own,0,13,1,4,4,4,394.7884,398.9679,395.7708,317.6002,131.1898,254.6668,254.6668,,1791482613431611644,1791482613508799751,1791482613826400000
1-switch,parallel,immediate,own,0,14,1,4,4,4,394.6662,399.0033,395.7376,322.4000,133.6021,251.0760,251.0760,,1791482614131733767,1791482614204000000,1791482614526400000
1-switch,parallel,immediate,own,0,15,1,4,4,4,387.4052,391.7739,389.0054,312.8002,131.3623,247.6682,247.6682,,1791482614832594843,1791482614907199751,1791482615220000000
1-switch,parallel,immediate,own,0,16,1,4,4,4,410.5639,415.5226,411.1251,339.2000,133.1812,267.1764,267.1764,,1791482615526236140,1791482615597600000,1791482615936800000
1-switch,parallel,immediate,own,0,17,1,4,4,4,389.1834,394.2791,391.2295,312.8000,132.7235,248.5699,248.5699,,1791482616242816625,1791482616319200000,1791482616632000000
1-switch,parallel,immediate,own,0,18,1,4,4,4,385.3592,390.7488,387.3624,310.4000,129.1175,246.5601,246.5601,,1791482616938640768,1791482617013600000,1791482617324000000
1-switch,parallel,immediate,own,0,19,1,4,4,4,390.9314,395.6887,393.2211,314.4002,132.2778,251.6530,251.6530,,1791482617630668646,1791482617707199751,1791482618021600000
1-switch,batched,immediate,own,0,0,1,4,4,1,262.3270,267.1193,262.6258,188.7998,15.7160,246.9098,246.9098,,1791482618328072736,1791482618401600000,1791482618590399751
1-switch,batched,immediate,own,0,1,1,4,4,1,263.2992,267.0802,263.7191,186.4000,16.8727,246.8464,246.8464,,1791482618896700801,1791482618973600000,1791482619160000000
1-switch,batched,immediate,own,0,2,1,4,4,1,258.2368,262.1803,259.2727,185.6000,16.9874,242.2854,242.2854,,1791482619464963161,1791482619537600000,1791482619723200000
1-switch,batched,immediate,own,0,3,1,4,4,1,262.4414,265.9987,262.7411,189.6000,16.0493,246.6917,246.6917,,1791482620028758327,1791482620101599751,1791482620291199751
1-switch,batched,immediate,own,0,4,1,4,4,1,255.9727,261.0547,257.8001,184.0000,16.4809,241.3191,241.3191,,1791482620596027305,1791482620668000000,1791482620852000000
1-switch,batched,immediate,own,0,5,1,4,4,1,258.8698,262.7797,259.7691,185.6002,16.4720,243.2971,243.2971,,1791482621157930210,1791482621231199751,1791482621416800000
1-switch,batched,immediate,own,0,6,1,4,4,1,257.9851,263.1710,259.9044,184.0002,16.7750,243.1294,243.1294,,1791482621722014851,1791482621795999751,1791482621980000000
1-switch,batched,immediate,own,0,7,1,4,4,1,267.2637,271.5443,268.2165,188.0000,17.0787,251.1378,251.1378,,1791482622286336298,1791482622365600000,1791482622553600000
1-switch,batched,immediate,own,0,8,1,4,4,1,256.8204,259.8167,257.2067,183.1998,15.5046,241.7021,241.7021,,1791482622859179393,1791482622932800000,1791482623115999751
1-switch,batched,immediate,own,0,9,1,4,4,1,264.0520,268.3114,264.5819,187.2000,17.1570,247.4248,247.4248,,1791482623420748043,1791482623497600000,1791482623684800000
1-switch,batched,immediate,own,0,10,1,4,4,1,256.9014,261.3834,258.1385,184.7998,17.1099,241.0286,241.0286,,1791482623990298361,1791482624062400000,1791482624247199751
1-switch,batched,immediate,own,0,11,1,4,4,1,265.7826,269.6717,266.0703,189.5998,16.2830,249.7874,249.7874,,1791482624553417187,1791482624629600000,1791482624819199751
1-switch,batched,immediate,own,0,12,1,4,4,1,288.4913,293.7016,290.7981,216.0002,16.2375,274.5606,274.5606,,1791482625124308709,1791482625196799751,1791482625412800000
1-switch,batched,immediate,own,0,13,1,4,4,1,277.7510,281.5315,278.2822,200.7998,15.6643,262.6179,262.6179,,1791482625719848716,1791482625796800000,1791482625997599751
1-switch,batched,immediate,own,0,14,1,4,4,1,291.7547,296.9361,293.9437,208.7998,19.2100,274.7337,274.7337,,1791482626302645048,1791482626385600000,1791482626594399751
1-switch,batched,immediate,own,0,15,1,4,4,1,291.6891,296.1426,292.7874,205.6002,19.4523,273.3351,273.3351,,1791482626901110950,1791482626987199751,1791482627192800000
1-switch,batched,immediate,own,0,16,1,4,4,1,287.8918,293.2643,290.6262,204.8000,19.3874,271.2388,271.2388,,1791482627499308179,1791482627582400000,1791482627787200000
1-switch,batched,immediate,own,0,17,1,4,4,1,290.2374,294.4903,291.0117,203.2000,19.3697,271.6420,271.6420,,1791482628094562605,1791482628181600000,1791482628384800000
1-switch,batched,immediate,own,0,18,1,4,4,1,272.9789,277.9101,274.4301,197.6000,17.0336,257.3965,257.3965,,1791482628690220801,1791482628765599751,1791482628963199751
1-switch,batched,immediate,own,0,19,1,4,4,1,265.1268,269.4517,265.9705,191.2000,17.3397,248.6308,248.6308,,1791482629269273177,1791482629343200000,1791482629534400000
line-4,sequential,immediate,own,0,0,4,8,8,8,761.2663,765.8971,763.0936,683.2000,191.0440,547.4644,168.5755,,1791482629839533726,1791482629917600000,1791482630600800000
line-4,sequential,immediate,own,0,1,4,8,8,8,744.3646,747.6800,745.0297,670.4002,189.0625,528.2127,161.7069,,1791482630906035442,1791482630979999751,1791482631650400000
line-4,sequential,immediate,own,0,2,4,8,8,8,751.2906,754.9006,751.8050,672.0002,188.6620,539.5552,167.3484,,1791482631954309386,1791482632033599751,1791482632705600000
line-4,sequential,immediate,own,0,3,4,8,8,8,766.1668,770.6684,768.0277,685.6000,193.5590,548.0680,168.2021,,1791482633009833201,1791482633090400000,1791482633776000000
line-4,sequential,immediate,own,0,4,4,8,8,8,730.4694,734.5435,731.4518,655.2002,184.2888,520.6835,145.0263,,1791482634081530573,1791482634156799751,1791482634812000000
line-4,sequential,immediate,own,0,5,4,8,8,8,804.9782,809.7043,806.0601,730.4000,230.7617,549.1145,150.2721,,1791482635116621829,1791482635191200000,1791482635921600000
line-4,sequential,immediate,own,0,6,4,8,8,8,809.9550,814.9179,811.5726,735.1998,231.6380,552.6509,145.5033,,1791482636226844718,1791482636301600000,1791482637036799751
line-4,sequential,immediate,own,0,7,4,8,8,8,827.1811,832.0212,828.8442,752.8000,232.7190,571.7370,172.2859,,1791482637342418870,1791482637416800000,1791482638169600000
line-4,sequential,immediate,own,0,8,4,8,8,8,792.9176,797.2014,793.7791,721.6000,230.8298,537.9925,147.2761,,1791482638475082390,1791482638546400000,1791482639268000000
line-4,sequential,immediate,own,0,9,4,8,8,8,828.7314,833.6227,830.7412,748.8002,234.4418,571.6438,153.7071,,1791482639572868643,1791482639652799751,1791482640401600000
line-4,sequential,immediate,own,0,10,4,8,8,8,763.6028,767.1672,764.2069,682.4000,227.5346,512.0301,141.3191,,1791482640707597181,1791482640788800000,1791482641471200000
line-4,sequential,immediate,own,0,11,4,8,8,8,754.2878,758.5534,754.9033,662.4002,231.9418,500.0366,145.1167,,1791482641776112218,1791482641867999751,1791482642530400000
line-4,sequential,immediate,own,0,12,4,8,8,8,712.6563,716.8290,714.0643,641.5998,224.4909,465.1863,122.8156,,1791482642835343470,1791482642906400000,1791482643547999751
line-4,sequential,immediate,own,0,13,4,8,8,8,704.8382,708.5337,705.3572,632.8002,222.2260,459.8255,125.3959,,1791482643853561830,1791482643925599751,1791482644558400000
line-4,sequential,immediate,own,0,14,4,8,8,8,707.6843,712.6312,709.7106,632.0000,222.9805,459.5895,125.3430,,1791482644862715725,1791482644938400000,1791482645570400000
line-4,sequential,immediate,own,0,15,4,8,8,8,764.4150,765.7823,764.7871,679.9998,242.7702,509.3126,152.6248,,1791482645876384786,1791482645960800000,1791482646640799751
line-4,sequential,immediate,own,0,16,4,8,8,8,738.7773,744.0019,739.5695,652.8002,238.2996,479.6915,135.8499,,1791482646942822654,1791482647028799751,1791482647681600000
line-4,sequential,immediate,own,0,17,4,8,8,8,803.4697,809.6199,804.0139,723.2000,218.4418,547.4642,175.6658,,1791482647987730254,1791482648068000000,1791482648791200000
line-4,sequential,immediate,own,0,18,4,8,8,8,730.9180,736.8270,731.5782,652.0000,216.2364,478.6967,135.4869,,1791482649097881980,1791482649176800000,1791482649828800000
line-4,sequential,immediate,own,0,19,4,8,8,8,765.4252,770.0604,766.4347,679.2000,229.2231,507.4902,144.5471,,1791482650135374779,1791482650221600000,1791482650900800000
line-4,parallel,immediate,own,0,0,4,8,8,8,216.6662,222.0902,218.5834,151.1998,234.9931,499.6901,140.5340,,1791482651207333526,1791482651272800000,1791482651423999751
line-4,parallel,immediate,own,0,1,4,8,8,8,214.8924,219.9916,216.5283,146.4002,244.0752,471.7979,133.9913,,1791482651730707638,1791482651799199751,1791482651945600000
line-4,parallel,immediate,own,0,2,4,8,8,8,223.0447,226.4325,223.5287,152.0000,232.7928,523.1096,150.0804,,1791482652252955074,1791482652323999751,1791482652475999751
line-4,parallel,immediate,own,0,3,4,8,8,8,196.5862,201.3102,198.2402,127.2000,230.5529,457.8135,124.2146,,1791482652781013778,1791482652850400000,1791482652977600000
line-4,parallel,immediate,own,0,4,4,8,8,8,213.2511,217.0561,213.9626,144.0002,230.5601,496.0049,141.1106,,1791482653283548937,1791482653352799751,1791482653496800000
line-4,parallel,immediate,own,0,5,4,8,8,8,202.1703,205.8018,202.5312,132.0000,235.7677,477.5573,127.9820,,1791482653801829469,1791482653871999751,1791482654003999751
line-4,parallel,immediate,own,0,6,4,8,8,8,201.5223,205.3958,202.5148,132.8000,234.8847,477.5269,125.3118,,1791482654308877734,1791482654377600000,1791482654510400000
line-4,parallel,immediate,own,0,7,4,8,8,8,203.5580,208.2027,204.1508,133.5998,236.3700,493.9027,128.7493,,1791482654816441741,1791482654886400000,1791482655019999751
line-4,parallel,immediate,own,0,8,4,8,8,8,196.8219,201.0805,197.8982,132.8000,225.2610,470.8912,125.6835,,1791482655325578136,1791482655389600000,1791482655522400000
line-4,parallel,immediate,own,0,9,4,8,8,8,195.2926,199.8259,196.2180,125.6000,234.0575,471.7946,123.2715,,1791482655827907439,1791482655897600000,1791482656023200000
line-4,parallel,immediate,own,0,10,4,8,8,8,195.4692,200.4906,197.0958,130.4002,230.3170,455.1527,121.4600,,1791482656329330847,1791482656394399751,1791482656524800000
line-4,parallel,immediate,own,0,11,4,8,8,8,343.3802,347.0566,343.8644,274.4000,230.7581,614.9685,270.9381,,1791482656831819830,1791482656900800000,1791482657175200000
line-4,parallel,immediate,own,0,12,4,8,8,8,328.3189,332.3052,329.1907,266.4000,221.6468,605.6412,258.1114,,1791482657481281066,1791482657543200000,1791482657809600000
line-4,parallel,immediate,own,0,13,4,8,8,8,197.8311,206.0949,199.0402,129.6002,227.6200,474.2654,127.9244,,1791482658115768896,1791482658183999751,1791482658313600000
line-4,parallel,immediate,own,0,14,4,8,8,8,197.2348,200.1790,197.7187,128.8000,232.6708,463.6536,126.3453,,1791482658623565175,1791482658692000000,1791482658820800000
line-4,parallel,immediate,own,0,15,4,8,8,8,264.8644,269.7388,265.8858,196.8000,230.5194,546.9697,190.5358,,1791482659125535550,1791482659193600000,1791482659390400000
line-4,parallel,immediate,own,0,16,4,8,8,8,194.0722,198.9407,195.0331,134.4000,218.1133,464.8367,123.9214,,1791482659696327753,1791482659756000000,1791482659890400000
line-4,parallel,immediate,own,0,17,4,8,8,8,209.2175,213.0984,210.0252,141.6000,231.6602,475.7013,133.8927,,1791482660196382495,1791482660264000000,1791482660405600000
line-4,parallel,immediate,own,0,18,4,8,8,8,425.2137,430.9863,427.4705,352.0000,232.3066,742.9225,353.0123,,1791482660710786281,1791482660784000000,1791482661136000000
line-4,parallel,immediate,own,0,19,4,8,8,8,208.1880,212.6474,209.2148,134.3998,231.1213,523.7019,140.8309,,1791482661443011791,1791482661516800000,1791482661651199751
line-4,batched,immediate,own,0,0,4,8,8,4,166.8074,171.9651,168.3027,91.2000,68.2450,542.8354,149.6722,,1791482661957192642,1791482662032800000,1791482662124000000
line-4,batched,immediate,own,0,1,4,8,8,4,156.8756,160.6787,157.4998,80.0002,62.4510,506.9938,138.0893,,1791482662431124351,1791482662507999751,1791482662588000000
line-4,batched,immediate,own,0,2,4,8,8,4,138.8366,147.6914,139.4611,64.8002,59.6191,485.3826,123.8780,,1791482662893163422,1791482662967199751,1791482663032000000
line-4,batched,immediate,own,0,3,4,8,8,4,140.2882,145.1857,142.5235,74.4002,66.1408,467.4369,125.2745,,1791482663342111826,1791482663407999751,1791482663482400000
line-4,batched,immediate,own,0,4,4,8,8,4,139.8840,145.3570,142.1763,73.6002,64.8501,461.6167,124.9614,,1791482663788916030,1791482663855199751,1791482663928800000
line-4,batched,immediate,own,0,5,4,8,8,4,140.5520,145.7180,142.4382,75.2002,66.3820,463.3106,126.2103,,1791482664235447953,1791482664300799751,1791482664376000000
line-4,batched,immediate,own,0,6,4,8,8,4,137.5466,142.4436,137.9152,64.7998,64.8944,471.4552,120.7419,,1791482664682453121,1791482664755200000,1791482664819999751
line-4,batched,immediate,own,0,7,4,8,8,4,139.9354,144.8155,141.6505,73.5998,65.1721,462.7866,123.9680,,1791482665126464342,1791482665192800000,1791482665266399751
line-4,batched,immediate,own,0,8,4,8,8,4,140.2810,145.7422,141.8334,73.6000,68.1642,461.3915,121.8899,,1791482665572519020,1791482665639200000,1791482665712800000
line-4,batched,immediate,own,0,9,4,8,8,4,142.1526,146.1501,143.1727,78.4000,63.0153,467.0149,125.2741,,1791482666019447434,1791482666083200000,1791482666161600000
line-4,batched,immediate,own,0,10,4,8,8,4,138.4092,143.4197,140.3107,72.0002,65.2250,466.0754,122.1474,,1791482666467190824,1791482666533599751,1791482666605600000
line-4,batched,immediate,own,0,11,4,8,8,4,136.9675,142.0053,137.5667,67.2002,63.9690,461.2337,120.2624,,1791482666911832480,1791482666981599751,1791482667048800000
line-4,batched,immediate,own,0,12,4,8,8,4,139.5660,143.9289,141.0414,73.6002,66.0592,464.5125,123.1828,,1791482667356434013,1791482667422399751,1791482667496000000
line-4,batched,immediate,own,0,13,4,8,8,4,148.0492,151.7856,148.8798,80.0000,64.1151,480.9478,130.1125,,1791482667801550832,1791482667869600000,1791482667949600000
line-4,batched,immediate,own,0,14,4,8,8,4,221.5929,227.3460,224.2645,152.8000,58.5393,549.7323,206.2316,,1791482668255207136,1791482668324000000,1791482668476800000
line-4,batched,immediate,own,0,15,4,8,8,4,144.1753,148.6245,145.7160,69.6002,64.4479,483.1047,127.8131,,1791482668783824691,1791482668858399751,1791482668928000000
line-4,batched,immediate,own,0,16,4,8,8,4,172.8082,176.9272,173.6938,106.4000,65.4305,497.1147,156.5779,,1791482669234391518,1791482669300799751,1791482669407199751
line-4,batched,immediate,own,0,17,4,8,8,4,153.8213,158.1370,154.8960,84.8000,62.2299,500.4259,135.7329,,1791482669712578712,1791482669781600000,1791482669866400000
line-4,batched,immediate,own,0,18,4,8,8,4,158.0510,162.5188,159.3500,88.8000,66.8192,498.8488,141.0315,,1791482670172348791,1791482670241599751,1791482670330399751
line-4,batched,immediate,own,0,19,4,8,8,4,171.0713,175.1261,171.9429,104.8000,66.1813,506.5097,154.0223,,1791482670636128489,1791482670702399751,1791482670807199751
ring-4,sequential,immediate,own,0,0,4,9,9,9,857.5142,862.2830,859.1574,788.0000,279.6291,549.4997,156.9048,,1791482671112085753,1791482671181600000,1791482671969600000
ring-4,sequential,immediate,own,0,1,4,9,9,9,884.8227,888.5890,885.7913,812.8002,278.2178,579.6839,170.4328,,1791482672275177323,1791482672347199751,1791482673160000000
ring-4,sequential,immediate,own,0,2,4,9,9,9,838.0502,841.7407,838.7169,768.0000,275.5776,533.8783,149.7835,,1791482673465149847,1791482673535200000,1791482674303200000
ring-4,sequential,immediate,own,0,3,4,9,9,9,1055.9845,1059.7375,1056.9141,787.9998,276.1826,753.3242,320.6174,,1791482674608015285,1791482674876000000,1791482675663999751
ring-4,sequential,immediate,own,0,4,4,9,9,9,811.6914,818.1519,812.8685,740.8000,234.0912,550.1618,159.2090,,1791482675968308617,1791482676039200000,1791482676780000000
ring-4,sequential,immediate,own,0,5,4,9,9,9,890.0923,895.5546,892.7987,817.6002,287.7489,575.1060,172.8393,,1791482677087507704,1791482677159999751,1791482677977600000
ring-4,sequential,immediate,own,0,6,4,9,9,9,883.0887,889.3543,884.1982,812.8000,284.6588,569.4635,183.1258,,1791482678284111328,1791482678354400000,1791482679167200000
ring-4,sequential,immediate,own,0,7,4,9,9,9,828.1664,833.2485,830.4595,755.2000,239.4763,561.1427,170.0165,,1791482679474233391,1791482679547199751,1791482680302399751
ring-4,sequential,immediate,own,0,8,4,9,9,9,912.1691,917.9310,913.1785,837.6000,288.8017,595.3491,191.1011,,1791482680607830879,1791482680682400000,1791482681520000000
ring-4,sequential,immediate,own,0,9,4,9,9,9,933.4831,936.9674,934.1094,862.4000,291.6597,613.4545,189.2695,,1791482681827316888,1791482681898400000,1791482682760800000
ring-4,sequential,immediate,own,0,10,4,9,9,9,940.1916,943.1098,940.6628,864.8000,289.7256,620.2863,218.8886,,1791482683065408144,1791482683140799751,1791482684005599751
ring-4,sequential,immediate,own,0,11,4,9,9,9,923.1713,927.9885,924.1939,848.8002,289.9977,604.6938,189.0559,,1791482684308828703,1791482684383199751,1791482685232000000
ring-4,sequential,immediate,own,0,12,4,9,9,9,976.2221,981.3649,977.0026,907.2000,290.7381,659.4224,200.8600,,1791482685537377878,1791482685606400000,1791482686513600000
ring-4,sequential,immediate,own,0,13,4,9,9,9,869.1124,872.2565,869.3661,790.4000,279.0400,561.2538,163.4169,,1791482686819687360,1791482686898399751,1791482687688799751
ring-4,sequential,immediate,own,0,14,4,9,9,9,843.0045,846.8039,843.3939,759.1998,281.3336,533.6191,149.5216,,1791482687992995221,1791482688076800000,1791482688835999751
ring-4,sequential,immediate,own,0,15,4,9,9,9,888.3036,892.6545,890.0876,816.8002,281.9605,580.5024,184.1063,,1791482689140496390,1791482689211999751,1791482690028800000
ring-4,sequential,immediate,own,0,16,4,9,9,9,897.4516,901.7323,898.1882,814.4000,293.6152,577.5261,156.0980,,1791482690334548386,1791482690417600000,1791482691232000000
ring-4,sequential,immediate,own,0,17,4,9,9,9,1001.1127,1005.4356,1002.1975,928.8000,290.2961,680.5141,225.5193,,1791482691537287301,1791482691609600000,1791482692538400000
ring-4,sequential,immediate,own,0,18,4,9,9,9,905.7587,910.4603,907.3379,833.5998,280.3699,596.3039,207.9085,,1791482692843841080,1791482692916000000,1791482693749599751
ring-4,sequential,immediate,own,0,19,4,9,9,9,859.3002,863.4533,860.2716,789.6000,274.8467,556.1771,171.2318,,1791482694055899769,1791482694125600000,1791482694915200000
ring-4,parallel,immediate,own,0,0,4,9,9,9,209.5231,213.4419,210.0520,143.1998,236.3331,541.9134,160.4706,,1791482695220076639,1791482695286400000,1791482695429599751
ring-4,parallel,immediate,own,0,1,4,9,9,9,248.4377,252.1992,249.5567,180.7998,283.2828,542.3364,160.2549,,1791482695734762054,1791482695802400000,1791482695983199751
ring-4,parallel,immediate,own,0,2,4,9,9,9,252.5618,256.1824,252.9265,182.4000,286.5960,564.3345,165.2353,,1791482696289037987,1791482696359199751,1791482696541599751
ring-4,parallel,immediate,own,0,3,4,9,9,9,243.1749,247.2660,244.2223,171.2000,291.0736,557.8738,152.2841,,1791482696846425051,1791482696918400000,1791482697089600000
ring-4,parallel,immediate,own,0,4,4,9,9,9,240.4820,245.5865,242.8023,174.4002,289.6598,553.8601,154.2196,,1791482697395517996,1791482697461599751,1791482697636000000
ring-4,parallel,immediate,own,0,5,4,9,9,9,242.8475,247.8994,244.3814,176.0000,285.9049,554.9705,153.4772,,1791482697942752542,1791482698009600000,1791482698185600000
ring-4,parallel,immediate,own,0,6,4,9,9,9,240.8836,244.5892,241.4784,171.2000,290.3002,521.7250,150.3610,,1791482698491916153,1791482698561599751,1791482698732799751
ring-4,parallel,immediate,own,0,7,4,9,9,9,240.7294,245.3640,241.6024,174.4000,286.7980,524.5431,152.1864,,1791482699037670580,1791482699104000000,1791482699278400000
ring-4,parallel,immediate,own,0,8,4,9,9,9,244.6235,248.0796,245.0625,176.0000,288.8522,533.3165,155.8115,,1791482699584176287,1791482699652799751,1791482699828799751
ring-4,parallel,immediate,own,0,9,4,9,9,9,231.2895,235.8908,232.9394,156.8002,248.3031,550.6153,185.8700,,1791482700133510504,1791482700207999751,1791482700364800000
ring-4,parallel,immediate,own,0,10,4,9,9,9,254.1481,257.8301,254.4860,189.6000,281.0404,529.5641,170.6846,,1791482700670651653,1791482700735199751,1791482700924799751
ring-4,parallel,immediate,own,0,11,4,9,9,9,253.4532,257.5362,254.4178,182.4002,283.2348,526.0691,162.8543,,1791482701229746754,1791482701300799751,1791482701483200000
ring-4,parallel,immediate,own,0,12,4,9,9,9,260.9438,266.0088,262.6348,185.6000,293.5993,559.3910,172.0793,,1791482701788656181,1791482701864000000,1791482702049600000
ring-4,parallel,immediate,own,0,13,4,9,9,9,246.4368,251.2549,248.2369,176.0000,286.8290,558.3895,157.5614,,1791482702355963205,1791482702426400000,1791482702602400000
ring-4,parallel,immediate,own,0,14,4,9,9,9,237.9770,242.9626,239.8493,168.0000,290.9445,563.8940,149.4119,,1791482702908422988,1791482702978400000,1791482703146400000
ring-4,parallel,immediate,own,0,15,4,9,9,9,267.4628,271.9610,268.2807,203.2000,291.9331,578.0149,187.5481,,1791482703452537246,1791482703516800000,1791482703720000000
ring-4,parallel,immediate,own,0,16,4,9,9,9,240.6183,246.1255,241.5445,173.6000,288.2998,551.6317,161.1941,,1791482704025781719,1791482704092800000,1791482704266400000
ring-4,parallel,immediate,own,0,17,4,9,9,9,243.7744,248.2134,244.6588,169.6002,287.9520,577.5511,156.0348,,1791482704573825641,1791482704647999751,1791482704817600000
ring-4,parallel,immediate,own,0,18,4,9,9,9,255.9921,261.5853,258.6860,189.6000,290.0361,579.5267,179.6701,,1791482705123207919,1791482705189600000,1791482705379200000
ring-4,parallel,immediate,own,0,19,4,9,9,9,235.2654,240.5432,235.8433,173.6000,280.7216,587.0834,161.9103,,1791482705686334568,1791482705748000000,1791482705921600000
ring-4,batched,immediate,own,0,0,4,9,9,4,190.2083,194.4424,191.3313,120.8002,68.1754,567.8196,171.1772,,1791482706228991651,1791482706298399751,1791482706419200000
ring-4,batched,immediate,own,0,1,4,9,9,4,205.6555,210.8037,207.5812,132.8000,64.0072,592.2044,187.4836,,1791482706724744459,1791482706797600000,1791482706930400000
ring-4,batched,immediate,own,0,2,4,9,9,4,193.9081,198.9023,194.5502,122.4000,71.7386,578.6775,171.9153,,1791482707237291889,1791482707308800000,1791482707431200000
ring-4,batched,immediate,own,0,3,4,9,9,4,180.9875,185.9544,183.3621,110.4002,60.0666,554.6273,164.0918,,1791482707737412462,1791482707807999751,1791482707918400000
ring-4,batched,immediate,own,0,4,4,9,9,4,196.3077,201.6541,197.9889,120.0000,64.0027,551.6171,177.5878,,1791482708225292344,1791482708301600000,1791482708421600000
ring-4,batched,immediate,own,0,5,4,9,9,4,179.0192,183.5503,180.0203,106.4000,66.3890,516.5086,154.9051,,1791482708728180515,1791482708800799751,1791482708907199751
ring-4,batched,immediate,own,0,6,4,9,9,4,168.4809,174.0012,170.3755,101.6000,64.3790,509.1971,149.0475,,1791482709213119082,1791482709280000000,1791482709381600000
ring-4,batched,immediate,own,0,7,4,9,9,4,168.4819,172.7329,168.9166,103.1998,70.7495,506.9094,148.6984,,1791482709688317884,1791482709753600000,1791482709856799751
ring-4,batched,immediate,own,0,8,4,9,9,4,169.6114,174.1466,170.8770,102.3998,58.9490,506.1909,151.1491,,1791482710162388356,1791482710229600000,1791482710331999751
ring-4,batched,immediate,own,0,9,4,9,9,4,169.6347,174.0196,171.2671,101.6002,60.4227,521.8980,151.2271,,1791482710638365322,1791482710706399751,1791482710808000000
ring-4,batched,immediate,own,0,10,4,9,9,4,170.7410,174.7319,171.3669,104.0000,65.0827,519.7064,152.1642,,1791482711114058975,1791482711180800000,1791482711284800000
ring-4,batched,immediate,own,0,11,4,9,9,4,171.2069,175.9111,173.0335,105.6000,58.8766,512.7588,154.2353,,1791482711590393134,1791482711656000000,1791482711761600000
ring-4,batched,immediate,own,0,12,4,9,9,4,177.9603,181.9424,178.3723,109.5998,66.5230,523.5989,157.7541,,1791482712068439460,1791482712136800000,1791482712246399751
ring-4,batched,immediate,own,0,13,4,9,9,4,210.8129,214.5584,211.1830,140.7998,63.7785,587.7241,192.1523,,1791482712551586824,1791482712621600000,1791482712762399751
ring-4,batched,immediate,own,0,14,4,9,9,4,196.6601,201.2041,197.9251,125.5998,62.0500,589.6131,177.0942,,1791482713067339648,1791482713138400000,1791482713263999751
ring-4,batched,immediate,own,0,15,4,9,9,4,179.4782,182.9772,179.9005,108.7998,64.2489,531.2092,156.5342,,1791482713570121579,1791482713640800000,1791482713749599751
ring-4,batched,immediate,own,0,16,4,9,9,4,183.3225,188.0402,185.1603,116.0002,65.2743,541.3380,164.4565,,1791482714054277540,1791482714121599751,1791482714237600000
ring-4,batched,immediate,own,0,17,4,9,9,4,177.5138,180.6696,177.8030,108.7998,64.5534,541.5077,156.2710,,1791482714544085956,1791482714612800000,1791482714721599751
ring-4,batched,immediate,own,0,18,4,9,9,4,171.9238,176.9366,173.8026,103.2000,61.2182,530.5536,153.8693,,1791482715026476246,1791482715095200000,1791482715198400000
ring-4,batched,immediate,own,0,19,4,9,9,4,171.3350,175.0765,172.0443,102.4002,62.1343,508.0592,149.9549,,1791482715504665013,1791482715573599751,1791482715676000000
star-5,sequential,immediate,own,0,0,5,9,9,9,823.8714,828.1915,824.6022,738.4002,237.5689,559.7173,240.2201,,1791482715980928603,1791482716066399751,1791482716804800000
star-5,sequential,immediate,own,0,1,5,9,9,9,811.8120,815.6511,812.5298,735.2000,239.3717,544.1343,240.6937,,1791482717109788020,1791482717186400000,1791482717921600000
star-5,sequential,immediate,own,0,2,5,9,9,9,811.7213,815.1432,812.5573,736.0000,236.1173,548.3686,241.1029,,1791482718226678746,1791482718302400000,1791482719038400000
star-5,sequential,immediate,own,0,3,5,9,9,9,805.1773,809.6559,806.7201,734.4000,234.9291,545.8002,237.3546,,1791482719342822663,1791482719413600000,1791482720148000000
star-5,sequential,immediate,own,0,4,5,9,9,9,975.7587,980.8854,977.6385,897.6002,236.7583,712.9813,401.6194,,1791482720453841327,1791482720531999751,1791482721429600000
star-5,sequential,immediate,own,0,5,5,9,9,9,1035.8500,1039.8569,1036.8645,752.8000,235.1477,773.5460,330.6811,,1791482721735349971,1791482722018400000,1791482722771200000
star-5,sequential,immediate,own,0,6,5,9,9,9,832.7402,837.7189,834.4430,755.2000,237.0656,568.7846,241.9672,,1791482723076059839,1791482723153600000,1791482723908800000
star-5,sequential,immediate,own,0,7,5,9,9,9,822.4307,827.8109,824.4180,752.8000,236.0864,559.2281,237.7819,,1791482724214369349,1791482724284000000,1791482725036800000
star-5,sequential,immediate,own,0,8,5,9,9,9,805.1836,810.1168,806.7466,736.0000,236.3708,542.5426,236.0162,,1791482725342816374,1791482725412000000,1791482726148000000
star-5,sequential,immediate,own,0,9,5,9,9,9,813.2976,817.7073,814.6040,740.7998,240.2805,545.6884,239.7939,,1791482726453902152,1791482726526400000,1791482727267199751
star-5,sequential,immediate,own,0,10,5,9,9,9,777.2563,782.1951,779.0532,706.4002,195.9513,553.7318,246.1202,,1791482727572343712,1791482727643199751,1791482728349600000
star-5,sequential,immediate,own,0,11,5,9,9,9,799.1366,803.1970,800.1233,726.4000,210.5846,560.1154,242.8625,,1791482728655263385,1791482728728000000,1791482729454400000
star-5,sequential,immediate,own,0,12,5,9,9,9,779.2905,782.7694,779.5777,707.9998,195.7462,555.0501,243.2146,,1791482729759909291,1791482729831200000,1791482730539199751
star-5,sequential,immediate,own,0,13,5,9,9,9,828.9755,832.4591,829.4282,755.1998,235.3119,565.6751,242.0248,,1791482730843824210,1791482730917600000,1791482731672799751
star-5,sequential,immediate,own,0,14,5,9,9,9,857.4675,860.9639,858.4638,786.3998,240.2050,588.7415,239.8763,,1791482731976932211,1791482732048000000,1791482732834399751
star-5,sequential,immediate,own,0,15,5,9,9,9,779.0983,783.8642,781.3319,708.0000,193.6360,558.5209,246.9382,,1791482733139301723,1791482733210400000,1791482733918400000
star-5,sequential,immediate,own,0,16,5,9,9,9,788.0755,791.4568,788.5459,715.1998,195.1206,560.7884,244.4231,,1791482734224724228,1791482734297600000,1791482735012799751
star-5,sequential,immediate,own,0,17,5,9,9,9,772.7093,776.8957,773.3577,704.0000,195.9217,550.0330,237.7658,,1791482735316890722,1791482735385600000,1791482736089600000
star-5,sequential,immediate,own,0,18,5,9,9,9,807.0867,810.9134,807.4780,732.8000,195.4268,585.2162,246.8607,,1791482736394513299,1791482736468800000,1791482737201600000
star-5,sequential,immediate,own,0,19,5,9,9,9,787.0945,792.3721,788.8368,716.0002,194.7855,564.9952,243.2358,,1791482737506505527,1791482737577599751,1791482738293600000
star-5,parallel,immediate,own,0,0,5,9,9,9,352.6614,356.3803,353.0496,276.7998,213.5574,570.6575,242.4253,,1791482738600138382,1791482738676000000,1791482738952799751
star-5,parallel,immediate,own,0,1,5,9,9,9,345.3952,349.5323,346.3790,274.4002,204.3275,566.1198,242.0331,,1791482739257804788,1791482739328799751,1791482739603200000
star-5,parallel,immediate,own,0,2,5,9,9,9,352.5963,356.8119,353.3251,276.8000,210.8804,587.3458,244.5190,,1791482739909003733,1791482739984800000,1791482740261600000
star-5,parallel,immediate,own,0,3,5,9,9,9,353.3561,357.9844,354.8093,281.5998,203.4657,613.4672,246.7493,,1791482740567443603,1791482740639200000,1791482740920799751
star-5,parallel,immediate,own,0,4,5,9,9,9,352.7351,355.9986,353.1495,275.1998,215.0573,576.1458,245.9201,,1791482741227264632,1791482741304800000,1791482741579999751
star-5,parallel,immediate,own,0,5,5,9,9,9,342.1771,346.5549,343.0616,272.0000,208.9453,576.5816,238.1982,,1791482741885022938,1791482741955200000,1791482742227200000
star-5,parallel,immediate,own,0,6,5,9,9,9,356.2359,360.0142,356.8510,284.0000,206.4126,574.8550,248.1829,,1791482742533364071,1791482742605600000,1791482742889600000
star-5,parallel,immediate,own,0,7,5,9,9,9,343.6318,347.3288,344.5122,269.6000,210.4141,596.3838,238.0239,,1791482743194768220,1791482743268800000,1791482743538400000
star-5,parallel,immediate,own,0,8,5,9,9,9,549.5095,553.1542,550.2041,474.4002,208.0946,790.0811,444.0649,,1791482743844090476,1791482743919199751,1791482744393600000
star-5,parallel,immediate,own,0,9,5,9,9,9,526.2417,529.9994,526.7840,448.8002,211.2941,757.5927,418.7014,,1791482744698558290,1791482744775999751,1791482745224800000
star-5,parallel,immediate,own,0,10,5,9,9,9,365.3773,369.4088,366.2651,291.1998,207.3277,595.8184,258.5587,,1791482745529822482,1791482745604000000,1791482745895199751
star-5,parallel,immediate,own,0,11,5,9,9,9,398.0303,402.5448,398.6502,325.5998,220.1123,596.8987,275.7262,,1791482746201169424,1791482746273600000,1791482746599199751
star-5,parallel,immediate,own,0,12,5,9,9,9,390.2517,395.1139,391.0388,317.6000,225.4326,603.6049,269.9818,,1791482746904948275,1791482746977600000,1791482747295200000
star-5,parallel,immediate,own,0,13,5,9,9,9,389.8311,394.7267,390.7330,318.4000,217.0660,579.3712,272.1145,,1791482747601368867,1791482747672800000,1791482747991200000
star-5,parallel,immediate,own,0,14,5,9,9,9,354.5994,358.5017,355.1914,279.2000,209.4808,544.0547,246.5169,,1791482748297400631,1791482748372800000,1791482748652000000
star-5,parallel,immediate,own,0,15,5,9,9,9,354.7196,358.9264,356.2298,280.0000,221.9492,574.7845,249.4750,,1791482748958080357,1791482749032800000,1791482749312800000
star-5,parallel,immediate,own,0,16,5,9,9,9,354.3425,358.1615,355.0750,282.4000,206.6952,553.7859,248.3302,,1791482749619257460,1791482749691200000,1791482749973600000
star-5,parallel,immediate,own,0,17,5,9,9,9,382.8593,386.7948,383.6640,311.9998,213.3710,584.8125,267.2679,,1791482750278740405,1791482750349600000,1791482750661599751
star-5,parallel,immediate,own,0,18,5,9,9,9,349.6569,354.3527,351.2969,281.6000,211.3743,574.6005,246.6410,,1791482750967143145,1791482751035200000,1791482751316800000
star-5,parallel,immediate,own,0,19,5,9,9,9,351.1549,355.5548,352.1543,277.6000,208.2612,576.7517,245.1634,,1791482751623245058,1791482751696800000,1791482751974400000
star-5,batched,immediate,own,0,0,5,9,9,5,267.9317,273.6584,270.1463,196.0002,88.1455,573.9505,248.0528,,1791482752280868285,1791482752352799751,1791482752548800000
star-5,batched,immediate,own,0,1,5,9,9,5,260.7967,265.6111,262.5600,187.2000,82.2968,568.4175,241.9017,,1791482752856003308,1791482752929600000,1791482753116800000
star-5,batched,immediate,own,0,2,5,9,9,5,273.8518,278.2640,274.7946,202.4000,83.4520,574.5546,253.4838,,1791482753422948184,1791482753494400000,1791482753696800000
star-5,batched,immediate,own,0,3,5,9,9,5,267.0640,270.8369,267.6051,189.6000,71.7061,581.6942,247.3618,,1791482754002535954,1791482754080000000,1791482754269600000
star-5,batched,immediate,own,0,4,5,9,9,5,285.9949,290.0699,286.5364,212.8000,85.0113,577.9143,265.0308,,1791482754574805071,1791482754648000000,1791482754860800000
star-5,batched,immediate,own,0,5,5,9,9,5,282.8964,287.6518,283.8384,212.8000,71.3885,581.8110,265.0534,,1791482755165903577,1791482755236000000,1791482755448800000
star-5,batched,immediate,own,0,6,5,9,9,5,303.3624,307.0583,304.2690,228.8002,81.5701,607.5024,280.2726,,1791482755755037554,1791482755829599751,1791482756058400000
star-5,batched,immediate,own,0,7,5,9,9,5,299.1646,302.4587,299.7723,225.6000,83.9425,605.0651,273.3065,,1791482756364035402,1791482756437600000,1791482756663200000
star-5,batched,immediate,own,0,8,5,9,9,5,297.5339,303.9450,300.0880,224.0000,92.8938,623.4698,276.1284,,1791482756967266123,1791482757040800000,1791482757264800000
star-5,batched,immediate,own,0,9,5,9,9,5,298.5552,302.7128,299.3973,225.6002,84.7527,608.8497,276.6170,,1791482757572644836,1791482757645599751,1791482757871200000
star-5,batched,immediate,own,0,10,5,9,9,5,299.1750,303.3398,299.6652,225.5998,90.6337,593.9765,269.9467,,1791482758176824751,1791482758250400000,1791482758475999751
star-5,batched,immediate,own,0,11,5,9,9,5,297.6143,302.1166,298.5311,224.8000,105.2929,608.9333,274.8945,,1791482758781585662,1791482758854400000,1791482759079200000
star-5,batched,immediate,own,0,12,5,9,9,5,296.1377,302.0765,298.6984,224.0000,72.7643,648.8867,278.3176,,1791482759384662282,1791482759456800000,1791482759680800000
star-5,batched,immediate,own,0,13,5,9,9,5,437.4779,443.3865,438.1684,363.2000,102.7082,765.3884,413.1759,,1791482759988122109,1791482760062400000,1791482760425600000
star-5,batched,immediate,own,0,14,5,9,9,5,295.3637,299.0209,295.7517,217.5998,79.6800,624.4693,274.9776,,1791482760732636070,1791482760810400000,1791482761027999751
star-5,batched,immediate,own,0,15,5,9,9,5,298.7924,303.1994,300.2407,219.2000,79.2651,639.8016,278.6512,,1791482761333207577,1791482761412800000,1791482761632000000
star-5,batched,immediate,own,0,16,5,9,9,5,265.1771,269.5107,266.1114,187.2002,98.1939,693.2633,242.6352,,1791482761938022852,1791482762015999751,1791482762203200000
star-5,batched,immediate,own,0,17,5,9,9,5,271.1015,275.7889,272.9582,192.8000,88.9263,581.5000,250.3613,,1791482762508898541,1791482762587200000,1791482762780000000
star-5,batched,immediate,own,0,18,5,9,9,5,268.7876,273.6671,270.0900,198.3998,81.0761,581.9708,246.2612,,1791482763086412189,1791482763156800000,1791482763355199751
star-5,batched,immediate,own,0,19,5,9,9,5,273.9841,277.9929,274.4500,194.3998,99.3483,608.6453,253.7488,,1791482763661215655,1791482763740800000,1791482763935199751
grid-6,sequential,immediate,own,0,0,6,18,18,18,1796.6901,1802.4560,1797.0899,1727.9998,528.0153,1207.8032,262.4542,,1791482764240909693,1791482764309600000,1791482766037599751
grid-6,sequential,immediate,own,0,1,6,18,18,18,1791.7226,1796.5695,1792.8337,1728.7998,535.9976,1194.7088,279.0870,,1791482766344277162,1791482766407200000,1791482768135999751
grid-6,sequential,immediate,own,0,2,6,18,18,18,1768.6260,1772.7270,1769.4439,1705.6000,529.0410,1175.3447,279.1987,,1791482768441773971,1791482768504800000,1791482770210400000
grid-6,sequential,immediate,own,0,3,6,18,18,18,1695.1685,1699.7281,1696.2513,1624.8000,529.9070,1106.0353,276.7495,,1791482770515231529,1791482770585600000,1791482772210400000
grid-6,sequential,immediate,own,0,4,6,18,18,18,1835.3675,1839.8914,1836.5379,1772.8000,513.1908,1262.0193,391.4798,,1791482772515832453,1791482772578400000,1791482774351200000
grid-6,sequential,immediate,own,0,5,6,18,18,18,1958.7557,1962.4332,1959.1253,1894.3998,524.8703,1374.0457,477.7298,,1791482774657244081,1791482774721600000,1791482776615999751
grid-6,sequential,immediate,own,0,6,6,18,18,18,1675.4123,1679.8910,1676.3137,1611.2002,512.1066,1104.5901,243.2509,,1791482776921387705,1791482776985599751,1791482778596800000
grid-6,sequential,immediate,own,0,7,6,18,18,18,1787.3566,1791.7297,1788.9491,1723.2000,575.3326,1152.1807,247.2799,,1791482778902243410,1791482778966400000,1791482780689600000
grid-6,sequential,immediate,own,0,8,6,18,18,18,1691.0502,1694.5809,1691.4293,1627.9998,515.7484,1114.2268,254.3138,,1791482780995349578,1791482781058400000,1791482782686399751
grid-6,sequential,immediate,own,0,9,6,18,18,18,1677.1658,1680.9980,1678.0343,1612.0000,523.9489,1092.8443,249.2798,,1791482782990833912,1791482783055999751,1791482784667999751
grid-6,sequential,immediate,own,0,10,6,18,18,18,1666.5356,1670.2892,1667.0106,1600.7998,521.3346,1085.9229,241.2851,,1791482784972664201,1791482785038400000,1791482786639199751
grid-6,sequential,immediate,own,0,11,6,18,18,18,1713.7679,1718.7613,1715.4465,1649.6000,549.3426,1106.3772,239.9851,,1791482786943832115,1791482787008000000,1791482788657600000
grid-6,sequential,immediate,own,0,12,6,18,18,18,1646.8657,1650.9334,1647.9442,1584.0000,527.2263,1062.2169,243.9155,,1791482788963534273,1791482789026400000,1791482790610400000
grid-6,sequential,immediate,own,0,13,6,18,18,18,1649.3144,1653.3695,1649.9330,1572.8000,510.9479,1080.9216,240.8403,,1791482790916285563,1791482790992800000,1791482792565600000
grid-6,sequential,immediate,own,0,14,6,18,18,18,1636.6434,1640.8212,1637.7324,1570.3998,469.9504,1109.0669,237.4784,,1791482792870556337,1791482792936800000,1791482794507199751
grid-6,sequential,immediate,own,0,15,6,18,18,18,1713.2645,1717.3250,1715.0346,1649.6000,510.2844,1142.0877,245.2434,,1791482794812335470,1791482794876000000,1791482796525600000
grid-6,sequential,immediate,own,0,16,6,18,18,18,1717.9208,1722.1834,1718.8797,1655.9998,522.4142,1140.4330,238.6190,,1791482796830078918,1791482796892000000,1791482798547999751
grid-6,sequential,immediate,own,0,17,6,18,18,18,1738.8268,1742.8279,1739.9353,1675.2002,508.5897,1175.1702,244.1761,,1791482798853173198,1791482798916799751,1791482800592000000
grid-6,sequential,immediate,own,0,18,6,18,18,18,1663.0653,1667.1770,1663.6316,1599.2002,508.8848,1092.7409,245.4674,,1791482800897734690,1791482800961599751,1791482802560800000
grid-6,sequential,immediate,own,0,19,6,18,18,18,1658.8695,1663.1187,1659.8818,1596.0000,513.3597,1084.3858,244.0612,,1791482802866730483,1791482802929600000,1791482804525600000
grid-6,parallel,immediate,own,0,0,6,18,18,18,388.6362,392.5885,388.9017,327.1998,507.5423,1079.8049,244.5006,,1791482804831363513,1791482804892800000,1791482805219999751
grid-6,parallel,immediate,own,0,1,6,18,18,18,407.8020,414.3835,410.5166,344.8000,523.5366,1195.5163,313.4004,,1791482805525798042,1791482805588800000,1791482805933600000
grid-6,parallel,immediate,own,0,2,6,18,18,18,516.4032,522.2600,517.2431,451.2000,554.1038,1312.2132,409.8694,,1791482806241996780,1791482806307200000,1791482806758400000
grid-6,parallel,immediate,own,0,3,6,18,18,18,597.4424,601.2283,598.4171,523.2000,534.0489,1321.7419,451.7975,,1791482807065757639,1791482807140000000,1791482807663200000
grid-6,parallel,immediate,own,0,4,6,18,18,18,393.7780,397.8998,394.6680,328.0000,536.6188,1087.8524,249.1088,,1791482807969421981,1791482808035200000,1791482808363200000
grid-6,parallel,immediate,own,0,5,6,18,18,18,385.5217,391.3956,386.1650,321.6000,514.8314,1064.4248,240.6909,,1791482808668878340,1791482808732800000,1791482809054400000
grid-6,parallel,immediate,own,0,6,6,18,18,18,385.2375,389.5583,386.2555,322.4000,522.0800,1049.4114,241.3479,,1791482809361962525,1791482809424800000,1791482809747200000
grid-6,parallel,immediate,own,0,7,6,18,18,18,390.9152,394.5252,391.7972,328.0000,534.5003,1104.6559,244.4115,,1791482810053084759,1791482810116000000,1791482810444000000
grid-6,parallel,immediate,own,0,8,6,18,18,18,399.1954,403.4222,400.1643,335.2000,540.5018,1111.6237,250.8571,,1791482810748804630,1791482810812800000,1791482811148000000
grid-6,parallel,immediate,own,0,9,6,18,18,18,391.6031,395.4343,392.4619,318.4000,520.8248,1119.2365,247.3085,,1791482811454796934,1791482811528000000,1791482811846400000
grid-6,parallel,immediate,own,0,10,6,18,18,18,386.7118,390.7829,387.6475,321.5998,533.2355,1072.0297,240.1408,,1791482812152487920,1791482812217600000,1791482812539199751
grid-6,parallel,immediate,own,0,11,6,18,18,18,388.9960,393.6761,390.7519,318.4000,519.9873,1093.9809,246.9221,,1791482812844603951,1791482812915200000,1791482813233600000
grid-6,parallel,immediate,own,0,12,6,18,18,18,396.0244,399.6938,396.5592,324.8000,531.5170,1090.1056,249.7343,,1791482813540775552,1791482813612000000,1791482813936800000
grid-6,parallel,immediate,own,0,13,6,18,18,18,392.4272,396.5483,393.6879,314.4000,546.9036,1138.3839,245.3923,,1791482814242772568,1791482814320799751,1791482814635199751
grid-6,parallel,immediate,own,0,14,6,18,18,18,395.0544,399.8176,396.4459,322.4000,558.5614,1145.2343,243.8407,,1791482814941745394,1791482815014399751,1791482815336799751
grid-6,parallel,immediate,own,0,15,6,18,18,18,395.2349,399.4543,395.8996,323.1998,570.7083,1140.4352,244.7465,,1791482815643964898,1791482815716000000,1791482816039199751
grid-6,parallel,immediate,own,0,16,6,18,18,18,467.1478,471.4474,468.1192,399.2000,567.8853,1304.4597,376.2111,,1791482816345652247,1791482816413600000,1791482816812800000
grid-6,parallel,immediate,own,0,17,6,18,18,18,406.6539,411.7838,408.3767,332.8000,536.6309,1155.6444,260.5634,,1791482817118946061,1791482817192800000,1791482817525600000
grid-6,parallel,immediate,own,0,18,6,18,18,18,391.6355,394.8170,392.1175,319.2000,568.7707,1195.7627,242.4068,,1791482817833164510,1791482817905600000,1791482818224800000
grid-6,parallel,immediate,own,0,19,6,18,18,18,398.5718,402.4156,399.2706,322.4000,585.6268,1222.2622,249.5776,,1791482818530228240,1791482818606400000,1791482818928800000
grid-6,batched,immediate,own,0,0,6,18,18,6,284.0961,288.7204,285.1307,210.4000,124.8036,1223.5764,253.9522,,1791482819235103891,1791482819308800000,1791482819519200000
grid-6,batched,immediate,own,0,1,6,18,18,6,297.8746,301.0272,298.3013,222.3998,109.1674,1244.7133,278.6962,,1791482819825325191,1791482819900800000,1791482820123199751
grid-6,batched,immediate,own,0,2,6,18,18,6,300.9026,307.1241,301.6300,221.5998,136.4013,1170.0167,278.0037,,1791482820428697140,1791482820508000000,1791482820729599751
grid-6,batched,immediate,own,0,3,6,18,18,6,296.2397,300.3242,296.9012,224.8000,117.6097,1210.6588,277.9288,,1791482821037360268,1791482821108800000,1791482821333600000
grid-6,batched,immediate,own,0,4,6,18,18,6,303.9507,308.1703,304.3459,232.7998,137.5792,1214.3904,279.3447,,1791482821639249019,1791482821710400000,1791482821943199751
grid-6,batched,immediate,own,0,5,6,18,18,6,259.0756,263.3089,260.1166,180.0002,119.8804,1172.6296,236.8786,,1791482822248924387,1791482822327999751,1791482822508000000
grid-6,batched,immediate,own,0,6,6,18,18,6,264.6076,270.2475,266.7722,191.2000,113.2985,1125.3667,248.3324,,1791482822814592397,1791482822888000000,1791482823079200000
grid-6,batched,immediate,own,0,7,6,18,18,6,268.3851,272.9002,269.2278,190.4000,114.1847,1128.3467,248.0275,,1791482823386814923,1791482823464800000,1791482823655200000
grid-6,batched,immediate,own,0,8,6,18,18,6,463.4925,468.4131,465.1457,388.0000,110.6084,1356.2714,447.3024,,1791482823961307484,1791482824036800000,1791482824424800000
grid-6,batched,immediate,own,0,9,6,18,18,6,291.9366,296.3485,292.6921,223.2002,113.8163,1159.6481,273.2767,,1791482824731263409,1791482824799999751,1791482825023200000
grid-6,batched,immediate,own,0,10,6,18,18,6,285.8968,291.0052,287.4218,222.4002,110.5730,1114.5177,268.7322,,1791482825329303208,1791482825392799751,1791482825615200000
grid-6,batched,immediate,own,0,11,6,18,18,6,310.1398,313.7502,310.5863,246.3998,119.2913,1137.0432,288.0094,,1791482825921859998,1791482825985600000,1791482826231999751
grid-6,batched,immediate,own,0,12,6,18,18,6,360.9986,365.2390,362.7083,292.0000,120.6919,1354.7663,344.1449,,1791482826537401397,1791482826606400000,1791482826898400000
grid-6,batched,immediate,own,0,13,6,18,18,6,384.9208,388.6265,385.8505,306.4000,122.6097,1373.9023,368.8198,,1791482827203878990,1791482827282399751,1791482827588799751
grid-6,batched,immediate,own,0,14,6,18,18,6,317.4913,323.6646,319.8713,248.0002,114.2405,1166.1634,298.2089,,1791482827894508661,1791482827963999751,1791482828212000000
grid-6,batched,immediate,own,0,15,6,18,18,6,620.1531,626.2742,622.5126,553.6000,111.7834,1825.6380,594.7056,,1791482828519846883,1791482828586400000,1791482829140000000
grid-6,batched,immediate,own,0,16,6,18,18,6,312.9581,319.0020,315.4598,246.4000,111.5409,1101.6737,294.4563,,1791482829447841864,1791482829514400000,1791482829760800000
grid-6,batched,immediate,own,0,17,6,18,18,6,315.5790,320.2741,316.4990,251.2000,114.4022,1131.3882,294.0577,,1791482830069220988,1791482830133600000,1791482830384800000
grid-6,batched,immediate,own,0,18,6,18,18,6,314.3584,318.8668,315.0126,247.1998,109.9231,1108.1169,293.0402,,1791482830691241336,1791482830758400000,1791482831005599751
grid-6,batched,immediate,own,0,19,6,18,18,6,301.8419,306.5991,302.5161,236.8002,108.6051,1104.6478,280.2404,,1791482831311758093,1791482831376799751,1791482831613600000
mesh-8,sequential,immediate,own,0,0,8,27,27,27,2579.6373,2584.3933,2580.6463,2514.3998,762.7256,1728.6875,278.3741,,1791482831919562444,1791482831984800000,1791482834499199751
mesh-8,sequential,immediate,own,0,1,8,27,27,27,2504.4045,2509.1785,2505.9176,2437.6000,746.7407,1664.9105,261.8905,,1791482834805195540,1791482834872000000,1791482837309600000
mesh-8,sequential,immediate,own,0,2,8,27,27,27,2523.7782,2528.5059,2525.0082,2461.5998,750.0475,1679.4022,263.4037,,1791482837616221514,1791482837678400000,1791482840139999751
mesh-8,sequential,immediate,own,0,3,8,27,27,27,2551.6610,2556.1856,2553.5504,2488.0002,795.2117,1667.0024,267.9671,,1791482840445939011,1791482840509599751,1791482842997600000
mesh-8,sequential,immediate,own,0,4,8,27,27,27,2624.9830,2628.5543,2625.5090,2556.8002,838.7182,1693.4504,276.5858,,1791482843303816950,1791482843371999751,1791482845928800000
mesh-8,sequential,immediate,own,0,5,8,27,27,27,2559.3508,2563.3944,2561.1328,2492.8000,795.9909,1673.1390,300.6881,,1791482846234249163,1791482846300800000,1791482848793600000
mesh-8,sequential,immediate,own,0,6,8,27,27,27,2822.5397,2827.2144,2824.1659,2759.2000,810.9666,1922.1058,374.9808,,1791482849098260309,1791482849161600000,1791482851920800000
mesh-8,sequential,immediate,own,0,7,8,27,27,27,2562.1630,2566.7227,2563.7532,2492.8000,799.8586,1669.5153,285.1833,,1791482852226636989,1791482852296000000,1791482854788800000
mesh-8,sequential,immediate,own,0,8,8,27,27,27,2555.8878,2560.0480,2556.4026,2489.6000,788.8846,1680.6613,265.1920,,1791482855094512203,1791482855160800000,1791482857650400000
mesh-8,sequential,immediate,own,0,9,8,27,27,27,2754.6699,2760.9641,2755.4854,2688.0000,725.8306,1701.3250,260.4512,,1791482857955730097,1791482858022400000,1791482860710400000
mesh-8,sequential,immediate,own,0,10,8,27,27,27,2731.8668,2738.1005,2734.5316,2668.8002,755.8480,1883.1863,396.8581,,1791482861017733169,1791482861080799751,1791482863749600000
mesh-8,sequential,immediate,own,0,11,8,27,27,27,2552.7784,2555.9948,2553.3291,2489.6000,754.9319,1702.4364,263.7978,,1791482864056821642,1791482864120000000,1791482866609600000
mesh-8,sequential,immediate,own,0,12,8,27,27,27,2578.3061,2582.3970,2579.3305,2517.6000,735.2262,1748.8452,295.2613,,1791482866914493858,1791482866975200000,1791482869492800000
mesh-8,sequential,immediate,own,0,13,8,27,27,27,2560.9753,2564.5037,2561.4572,2497.6000,731.9939,1733.6012,296.9619,,1791482869799024668,1791482869862400000,1791482872360000000
mesh-8,sequential,immediate,own,0,14,8,27,27,27,2602.5229,2606.0855,2603.1006,2540.0000,706.0646,1804.8962,270.9326,,1791482872665477148,1791482872728000000,1791482875268000000
mesh-8,sequential,immediate,own,0,15,8,27,27,27,2713.3629,2717.7296,2714.3957,2636.8000,746.4574,1872.4701,295.2370,,1791482875573037051,1791482875649600000,1791482878286400000
mesh-8,sequential,immediate,own,0,16,8,27,27,27,2575.0029,2578.8982,2575.6419,2491.2002,695.5465,1781.1393,270.7030,,1791482878592197071,1791482878675999751,1791482881167200000
mesh-8,sequential,immediate,own,0,17,8,27,27,27,2744.9171,2749.6042,2746.6312,2651.2000,820.3633,1831.0636,286.9905,,1791482881472682926,1791482881566400000,1791482884217600000
mesh-8,sequential,immediate,own,0,18,8,27,27,27,2578.1518,2581.5279,2578.6485,2515.2000,777.9128,1704.5279,275.6984,,1791482884524248217,1791482884587200000,1791482887102400000
mesh-8,sequential,immediate,own,0,19,8,27,27,27,2585.1417,2589.7323,2585.9417,2523.2000,764.3331,1727.8774,290.8438,,1791482887407658342,1791482887469600000,1791482889992800000
mesh-8,parallel,immediate,own,0,0,8,27,27,27,448.2910,453.7609,449.4905,380.0000,834.3054,1694.1137,285.8074,,1791482890298908967,1791482890367200000,1791482890747200000
mesh-8,parallel,immediate,own,0,1,8,27,27,27,454.3505,461.2423,456.9994,388.0002,831.7482,1695.1695,296.2740,,1791482891054449469,1791482891120799751,1791482891508800000
mesh-8,parallel,immediate,own,0,2,8,27,27,27,432.2230,436.4903,433.1426,368.0002,781.5958,1686.1626,277.6322,,1791482891817376973,1791482891881599751,1791482892249600000
mesh-8,parallel,immediate,own,0,3,8,27,27,27,414.9271,420.3097,416.3064,351.2000,784.0367,1650.7929,259.2842,,1791482892556272865,1791482892620000000,1791482892971200000
mesh-8,parallel,immediate,own,0,4,8,27,27,27,426.9981,430.9790,427.5722,356.0000,737.4368,1676.9986,272.1473,,1791482893278601851,1791482893349600000,1791482893705600000
mesh-8,parallel,immediate,own,0,5,8,27,27,27,421.8366,425.4674,422.2289,356.7998,732.5664,1683.6903,268.0334,,1791482894011763161,1791482894076800000,1791482894433599751
mesh-8,parallel,immediate,own,0,6,8,27,27,27,420.4048,424.4181,421.2116,349.6000,744.5437,1713.1239,266.3393,,1791482894739595249,1791482894810400000,1791482895160000000
mesh-8,parallel,immediate,own,0,7,8,27,27,27,411.0997,416.6403,412.8845,344.8000,753.4694,1670.1923,260.6004,,1791482895466500276,1791482895532800000,1791482895877600000
mesh-8,parallel,immediate,own,0,8,8,27,27,27,415.6019,420.3837,417.2859,351.2002,749.2785,1724.2588,266.8211,,1791482896185198063,1791482896249599751,1791482896600800000
mesh-8,parallel,immediate,own,0,9,8,27,27,27,408.8145,413.0116,410.7343,344.0002,733.8997,1669.3059,259.7582,,1791482896907985542,1791482896972799751,1791482897316800000
mesh-8,parallel,immediate,own,0,10,8,27,27,27,418.5416,422.0619,418.8385,355.1998,724.0385,1665.8214,267.6578,,1791482897622258191,1791482897685600000,1791482898040799751
mesh-8,parallel,immediate,own,0,11,8,27,27,27,415.9146,420.4350,416.9044,348.0000,765.9991,1634.4930,268.0862,,1791482898346485390,1791482898414400000,1791482898762400000
mesh-8,parallel,immediate,own,0,12,8,27,27,27,410.1492,413.8641,411.1659,344.8000,741.0138,1682.4357,270.5737,,1791482899069050824,1791482899134400000,1791482899479200000
mesh-8,parallel,immediate,own,0,13,8,27,27,27,434.8815,439.9729,436.8513,365.6000,774.6601,1608.6667,276.5516,,1791482899785118504,1791482899854400000,1791482900220000000
mesh-8,parallel,immediate,own,0,14,8,27,27,27,377.0674,381.8232,378.9287,311.9998,696.7463,1648.8874,269.5249,,1791482900526932386,1791482900592000000,1791482900903999751
mesh-8,parallel,immediate,own,0,15,8,27,27,27,377.1622,380.8227,377.4603,312.7998,698.8471,1617.6229,265.3152,,1791482901210837589,1791482901275200000,1791482901587999751
mesh-8,parallel,immediate,own,0,16,8,27,27,27,383.3958,388.4468,385.6894,319.2000,753.1931,1632.6430,270.2900,,1791482901893404199,1791482901957600000,1791482902276800000
mesh-8,parallel,immediate,own,0,17,8,27,27,27,500.8992,505.6745,502.8534,439.2000,674.2853,1762.8597,398.8100,,1791482902583900816,1791482902645600000,1791482903084800000
mesh-8,parallel,immediate,own,0,18,8,27,27,27,415.8001,420.0887,416.8849,352.0000,691.5296,1663.9093,303.4582,,1791482903391399857,1791482903455200000,1791482903807200000
mesh-8,parallel,immediate,own,0,19,8,27,27,27,386.9149,389.8087,387.2478,322.4000,698.2506,1652.3490,277.2674,,1791482904113884841,1791482904178399751,1791482904500799751
mesh-8,batched,immediate,own,0,0,8,27,27,8,307.7556,313.6023,309.5083,240.8000,159.2860,1684.3507,283.9543,,1791482904805844417,1791482904872800000,1791482905113600000
mesh-8,batched,immediate,own,0,1,8,27,27,8,274.5366,281.0070,274.9216,214.3998,101.7361,1652.7972,261.6088,,1791482905421463200,1791482905481600000,1791482905695999751
mesh-8,batched,immediate,own,0,2,8,27,27,8,295.0651,301.3892,296.8009,232.8000,100.1305,1628.6076,283.7184,,1791482906004934874,1791482906067200000,1791482906300000000
mesh-8,batched,immediate,own,0,3,8,27,27,8,401.4438,404.2755,401.8853,334.4000,159.0774,1892.7378,378.5198,,1791482906608155939,1791482906675199751,1791482907009599751
mesh-8,batched,immediate,own,0,4,8,27,27,8,303.9127,306.1127,304.7609,240.8000,143.9776,1708.0566,287.2398,,1791482907314487331,1791482907377600000,1791482907618400000
mesh-8,batched,immediate,own,0,5,8,27,27,8,284.0674,286.3573,284.4659,218.3998,152.5132,1628.3511,263.7834,,1791482907922332373,1791482907988000000,1791482908206399751
mesh-8,batched,immediate,own,0,6,8,27,27,8,282.3429,287.3103,284.5559,216.0002,161.8547,1701.2559,260.2576,,1791482908510457111,1791482908576799751,1791482908792800000
mesh-8,batched,immediate,own,0,7,8,27,27,8,281.3316,285.4192,283.1481,216.8000,156.1971,1640.4737,262.6002,,1791482909099468412,1791482909164000000,1791482909380800000
mesh-8,batched,immediate,own,0,8,8,27,27,8,318.5427,321.9486,319.1612,249.6000,153.8243,1664.7541,287.1484,,1791482909687057319,1791482909756000000,1791482910005600000
mesh-8,batched,immediate,own,0,9,8,27,27,8,294.1365,299.9941,296.3030,222.4000,170.1568,1641.9829,275.4925,,1791482910311463450,1791482910383200000,1791482910605600000
mesh-8,batched,immediate,own,0,10,8,27,27,8,290.2180,295.4016,291.8014,225.6002,138.4635,1637.7966,271.6875,,1791482910913781997,1791482910978399751,1791482911204000000
mesh-8,batched,immediate,own,0,11,8,27,27,8,292.9819,297.7437,293.8021,230.4000,139.0753,1623.6560,274.7908,,1791482911511818119,1791482911574400000,1791482911804800000
mesh-8,batched,immediate,own,0,12,8,27,27,8,284.6284,289.7281,286.2351,216.0000,150.3837,1661.8715,264.0490,,1791482912111371579,1791482912180000000,1791482912396000000
mesh-8,batched,immediate,own,0,13,8,27,27,8,296.0106,300.2664,296.6676,228.8002,162.3794,1599.4002,274.0316,,1791482912703189415,1791482912770399751,1791482912999200000
mesh-8,batched,immediate,own,0,14,8,27,27,8,290.5291,295.7384,292.5342,226.4000,178.0270,1600.0080,269.8307,,1791482913305470918,1791482913369600000,1791482913596000000
mesh-8,batched,immediate,own,0,15,8,27,27,8,296.2458,301.7987,298.1165,233.6000,147.1482,1645.4966,277.0634,,1791482913903754161,1791482913966400000,1791482914200000000
mesh-8,batched,immediate,own,0,16,8,27,27,8,287.1045,291.2160,288.4321,223.9998,148.4624,1665.1403,267.6439,,1791482914507295242,1791482914570400000,1791482914794399751
mesh-8,batched,immediate,own,0,17,8,27,27,8,297.3253,303.0069,299.6305,235.2000,152.6840,1657.0617,272.9088,,1791482915101074675,1791482915163200000,1791482915398400000
mesh-8,batched,immediate,own,0,18,8,27,27,8,308.6351,314.2010,310.9481,240.0000,158.1781,1692.0723,283.3426,,1791482915705764916,1791482915774400000,1791482916014400000
mesh-8,batched,immediate,own,0,19,8,27,27,8,287.9983,292.7257,289.8214,224.0000,150.2265,1632.1652,270.5894,,1791482916321601703,1791482916385600000,1791482916609600000
