id,src,dst,route,size,period,deadline,jitter
1,S3,S2,[S3->sw01->sw03->sw06->sw08->S2],500,100000,100000,100000
2,S2,S3,[S2->sw08->sw06->sw03->sw01->S3],200,400000,400000,400000
3,S1,S3,[S1->sw02->sw01->S3],100,400000,400000,400000
4,S1,S2,[S1->sw02->sw05->sw06->sw08->S2],200,100000,100000,100000
5,S3,S1,[S3->sw01->sw02->S1],400,800000,800000,800000
6,S3,S1,[S3->sw01->sw02->S1],400,400000,400000,400000
7,S2,S3,[S2->sw08->sw06->sw03->sw01->S3],500,800000,800000,800000
8,S2,S1,[S2->sw08->sw06->sw05->sw02->S1],100,200000,200000,200000
9,S3,S2,[S3->sw01->sw03->sw06->sw08->S2],300,400000,400000,400000
10,S1,S3,[S1->sw02->sw01->S3],400,800000,800000,800000
11,S1,S3,[S1->sw02->sw01->S3],100,100000,100000,100000
12,S3,S2,[S3->sw01->sw03->sw06->sw08->S2],500,100000,100000,100000
13,S1,S2,[S1->sw02->sw05->sw06->sw08->S2],300,200000,200000,200000
14,S3,S1,[S3->sw01->sw02->S1],200,200000,200000,200000
15,S2,S1,[S2->sw08->sw06->sw05->sw02->S1],500,200000,200000,200000
16,S3,S1,[S3->sw01->sw02->S1],500,100000,100000,100000
17,S2,S3,[S2->sw08->sw06->sw03->sw01->S3],100,100000,100000,100000
18,S1,S3,[S1->sw02->sw01->S3],300,800000,800000,800000
19,S1,S2,[S1->sw02->sw05->sw06->sw08->S2],200,200000,200000,200000
20,S3,S1,[S3->sw01->sw02->S1],100,800000,800000,800000
21,S3,S2,[S3->sw01->sw03->sw06->sw08->S2],100,800000,800000,800000
22,S3,S1,[S3->sw01->sw02->S1],200,800000,800000,800000
23,S3,S2,[S3->sw01->sw03->sw06->sw08->S2],500,100000,100000,100000
24,S1,S3,[S1->sw02->sw01->S3],500,200000,200000,200000
25,S3,S2,[S3->sw01->sw03->sw06->sw08->S2],200,400000,400000,400000
26,S3,S1,[S3->sw01->sw02->S1],300,200000,200000,200000
27,S2,S3,[S2->sw08->sw06->sw03->sw01->S3],400,400000,400000,400000
28,S3,S2,[S3->sw01->sw03->sw06->sw08->S2],100,800000,800000,800000
29,S1,S2,[S1->sw02->sw05->sw06->sw08->S2],100,400000,400000,400000
30,S2,S1,[S2->sw08->sw06->sw05->sw02->S1],500,200000,200000,200000
