id,src,dst,route,size,period,deadline,jitter,offset_ns,scheduled,origin,rerouted,reason
1,S3,S1,S3->sw01->sw02->S1,500,200000,200000,200000,0,yes,base,no,
2,S2,S1,S2->sw08->sw07->sw05->sw02->S1,400,200000,200000,200000,,no,dynamic,no,
3,S3,S2,S3->sw01->sw03->sw06->sw08->S2,100,200000,200000,200000,,no,dynamic,no,
4,S1,S3,S1->sw02->sw01->S3,300,800000,800000,800000,5120,yes,base,no,
5,S2,S1,S2->sw08->sw07->sw05->sw02->S1,200,400000,400000,400000,3520,yes,base,no,
6,S2,S1,S2->sw08->sw07->sw05->sw02->S1,100,400000,400000,400000,,no,dynamic,no,
7,S2,S1,S2->sw08->sw07->sw05->sw02->S1,300,800000,800000,800000,,no,dynamic,no,
8,S2,S3,S2->sw08->sw06->sw03->sw01->S3,100,800000,800000,800000,14720,yes,base,no,
9,S3,S2,S3->sw01->sw03->sw06->sw08->S2,500,200000,200000,200000,6720,yes,base,no,
10,S1,S3,S1->sw02->sw01->S3,100,800000,800000,800000,,no,dynamic,no,
11,S3,S2,S3->sw01->sw03->sw06->sw08->S2,500,800000,800000,800000,,no,dynamic,no,
12,S2,S1,S2->sw08->sw07->sw05->sw02->S1,100,800000,800000,800000,,no,dynamic,no,
13,S1,S2,S1->sw02->sw05->sw07->sw08->S2,300,400000,400000,400000,,no,dynamic,no,
14,S1,S2,S1->sw02->sw05->sw07->sw08->S2,100,200000,200000,200000,0,yes,base,no,
15,S2,S3,S2->sw08->sw06->sw03->sw01->S3,400,400000,400000,400000,8640,yes,base,no,
16,S3,S2,S3->sw01->sw03->sw06->sw08->S2,200,200000,200000,200000,,no,dynamic,no,
17,S2,S3,S2->sw08->sw06->sw03->sw01->S3,200,800000,800000,800000,19840,yes,base,no,
18,S3,S2,S3->sw01->sw03->sw06->sw08->S2,100,400000,400000,400000,,no,dynamic,no,
19,S3,S1,S3->sw01->sw02->S1,500,400000,400000,400000,18560,yes,base,no,
20,S3,S1,S3->sw01->sw02->S1,200,200000,200000,200000,13440,yes,base,no,
2,S2,S1,S2->sw08->sw07->sw05->sw02->S1,400,200000,200000,200000,0,yes,dynamic,no,
3,S3,S2,S3->sw01->sw03->sw06->sw08->S2,100,200000,200000,200000,4160,yes,dynamic,no,
16,S3,S2,S3->sw01->sw03->sw06->sw08->S2,200,200000,200000,200000,10880,yes,dynamic,no,
6,S2,S1,S2->sw08->sw07->sw05->sw02->S1,100,400000,400000,400000,12160,yes,dynamic,no,
13,S1,S2,S1->sw02->sw05->sw07->sw08->S2,300,400000,400000,400000,2560,yes,dynamic,no,
18,S3,S2,S3->sw01->sw03->sw06->sw08->S2,100,400000,400000,400000,16000,yes,dynamic,no,
11,S3,S2,S3->sw01->sw03->sw06->sw08->S2,500,800000,800000,800000,22720,yes,dynamic,no,
7,S2,S1,S2->sw08->sw07->sw05->sw02->S1,300,800000,800000,800000,128960,yes,dynamic,no,
12,S2,S1,S2->sw08->sw07->sw05->sw02->S1,100,800000,800000,800000,17280,yes,dynamic,no,
10,S1,S3,S1->sw02->sw01->S3,100,800000,800000,800000,8640,yes,dynamic,no,
a-19,S1,S3,S1->sw02->sw01->S3,300,800000,800000,800000,11520,yes,dynamic,no,
a-23,S3,S1,S3->sw01->sw02->S1,200,800000,800000,800000,424640,yes,dynamic,no,
a-27,S3,S1,S3->sw01->sw02->S1,300,800000,800000,800000,26880,yes,dynamic,no,
a-7,S1,S3,S1->sw02->sw01->S3,400,800000,800000,800000,14080,yes,dynamic,no,
a-17,S3,S1,S3->sw01->sw02->S1,500,800000,800000,800000,144640,yes,dynamic,no,
a-5,S1,S2,S1->sw02->sw05->sw07->sw08->S2,200,800000,800000,800000,112640,yes,dynamic,no,
a-18,S2,S3,S2->sw08->sw06->sw03->sw01->S3,100,800000,800000,800000,131520,yes,dynamic,no,
a-20,S1,S2,S1->sw02->sw05->sw07->sw08->S2,200,800000,800000,800000,17600,yes,dynamic,no,
a-26,S3,S2,S3->sw01->sw03->sw06->sw08->S2,200,800000,800000,800000,427200,yes,dynamic,no,
a-12,S1,S3,S1->sw02->sw01->S3,100,400000,400000,400000,316800,yes,dynamic,no,
a-15,S3,S1,S3->sw01->sw02->S1,200,400000,400000,400000,216320,yes,dynamic,no,
a-16,S2,S1,S2->sw08->sw07->sw05->sw02->S1,500,800000,800000,800000,22400,yes,dynamic,no,
a-25,S1,S3,S1->sw02->sw01->S3,500,400000,400000,400000,20160,yes,dynamic,no,
a-2,S2,S3,S2->sw08->sw06->sw03->sw01->S3,300,400000,400000,400000,,no,dynamic,no,"no route in RS(s) / queue / window assignment satisfies C1-C7,C9 without changing any window boundary"
a-9,S2,S1,S2->sw08->sw07->sw05->sw02->S1,100,400000,400000,400000,134080,yes,dynamic,no,
a-10,S3,S2,S3->sw01->sw03->sw06->sw08->S2,300,400000,400000,400000,218880,yes,dynamic,no,
a-22,S3,S2,S3->sw01->sw03->sw06->sw08->S2,100,400000,400000,400000,221760,yes,dynamic,no,
a-29,S3,S2,S3->sw01->sw03->sw06->sw08->S2,100,400000,400000,400000,224640,yes,dynamic,no,
a-30,S1,S2,S1->sw02->sw05->sw07->sw08->S2,100,400000,400000,400000,115520,yes,dynamic,no,
a-21,S3,S1,S3->sw01->sw02->S1,100,200000,200000,200000,,no,dynamic,no,"no route in RS(s) / queue / window assignment satisfies C1-C7,C9 without changing any window boundary"
a-6,S3,S2,S3->sw01->sw03->sw06->sw08->S2,500,400000,400000,400000,227200,yes,dynamic,no,
a-11,S1,S3,S1->sw02->sw01->S3,400,200000,200000,200000,,no,dynamic,no,"no route in RS(s) / queue / window assignment satisfies C1-C7,C9 without changing any window boundary"
a-4,S2,S1,S2->sw08->sw07->sw05->sw02->S1,100,200000,200000,200000,150080,yes,dynamic,no,
a-14,S1,S2,S1->sw02->sw05->sw07->sw08->S2,300,200000,200000,200000,,no,dynamic,no,"no route in RS(s) / queue / window assignment satisfies C1-C7,C9 without changing any window boundary"
a-28,S2,S3,S2->sw08->sw06->sw03->sw01->S3,400,200000,200000,200000,,no,dynamic,no,"no route in RS(s) / queue / window assignment satisfies C1-C7,C9 without changing any window boundary"
a-1,S3,S2,S3->sw01->sw03->sw06->sw08->S2,500,200000,200000,200000,,no,dynamic,no,"no route in RS(s) / queue / window assignment satisfies C1-C7,C9 without changing any window boundary"
a-3,S1,S2,S1->sw02->sw05->sw07->sw08->S2,500,200000,200000,200000,,no,dynamic,no,"no route in RS(s) / queue / window assignment satisfies C1-C7,C9 without changing any window boundary"
a-8,S3,S2,S3->sw01->sw03->sw06->sw08->S2,500,200000,200000,200000,,no,dynamic,no,"no route in RS(s) / queue / window assignment satisfies C1-C7,C9 without changing any window boundary"
a-13,S3,S2,S3->sw01->sw03->sw06->sw08->S2,500,200000,200000,200000,,no,dynamic,no,"no route in RS(s) / queue / window assignment satisfies C1-C7,C9 without changing any window boundary"
a-24,S3,S2,S3->sw01->sw03->sw06->sw08->S2,500,200000,200000,200000,,no,dynamic,no,"no route in RS(s) / queue / window assignment satisfies C1-C7,C9 without changing any window boundary"
