scenario,strategy,mode,rep,switch,iface,exec_ports,pos_in_exec,t_send,t_open,t_ack,sw_a,sw_b,sw_c,sw_d,cct,t_done,rc_wrcl,rc_configure,live,send_ms,chan_open_ms,exec_ack_ms,shell_start_ms,upload_ms,wrcl_ms,configure_ms,switch_ms,activation_ms,return_ms,rtt_ms,port_update_ms,error
mesh-8,sequential,immediate,1,sw01,sw0p3,1,0,1791560951770288910,1791560951771125640,1791560951773086017,1791560951782525008,1791560951822811651,1791560951830232105,1791560951837307314,1791560951836799751,1791560951839342675,0,0,1,12.2361,0.8367,1.9604,9.4390,40.2866,7.4205,7.0752,54.7823,6.5676,2.0354,69.0538,66.5108,
mesh-8,sequential,immediate,1,sw01,sw0p4,1,0,1791560951839529499,1791560951840246846,1791560951841936950,1791560951851296691,1791560951884957210,1791560951891857357,1791560951899897508,1791560951898400000,1791560951902022974,0,0,1,11.7672,0.7173,1.6901,9.3597,33.6605,6.9001,8.0402,48.6008,6.5426,2.1255,62.4935,58.8705,
mesh-8,sequential,immediate,1,sw01,sw0p5,1,0,1791560951902051071,1791560951942729418,1791560951944743882,1791560951954940446,1791560951992260226,1791560951999087753,1791560952007125733,1791560952005600000,1791560952009192595,0,0,1,52.8894,40.6783,2.0145,10.1966,37.3198,6.8275,8.0380,52.1853,6.5122,2.0669,107.1415,103.5489,
mesh-8,sequential,immediate,1,sw02,sw0p2,1,0,1791560952009509164,1791560952010948904,1791560952012850959,1791560952026235933,1791560952081477492,1791560952089701067,1791560952099705519,1791560952096800000,1791560952102430493,0,0,1,16.7268,1.4397,1.9021,13.3850,55.2416,8.2236,10.0045,73.4696,7.0989,2.7250,92.9213,87.2908,
mesh-8,sequential,immediate,1,sw02,sw0p3,1,0,1791560952102459637,1791560952144178735,1791560952146195902,1791560952158534243,1791560952207669439,1791560952217049272,1791560952225681413,1791560952224800000,1791560952227931321,0,0,1,56.0746,41.7191,2.0172,12.3383,49.1352,9.3798,8.6321,67.1472,7.7507,2.2499,125.4717,122.3404,
mesh-8,sequential,immediate,1,sw02,sw0p4,1,0,1791560952228177472,1791560952229350361,1791560952231787174,1791560952243871929,1791560952294544489,1791560952302376668,1791560952312417991,1791560952310400000,1791560952315299313,0,0,1,15.6945,1.1729,2.4368,12.0848,50.6726,7.8322,10.0413,68.5461,8.0233,2.8813,87.1218,82.2225,
mesh-8,sequential,immediate,1,sw02,sw0p5,1,0,1791560952315384888,1791560952357386007,1791560952359786133,1791560952371653850,1791560952421424467,1791560952429637651,1791560952438233242,1791560952437599751,1791560952440701340,0,0,1,56.2690,42.0011,2.4001,11.8677,49.7706,8.2132,8.5956,66.5794,7.9621,2.4681,125.3165,122.2149,
mesh-8,sequential,immediate,1,sw03,sw0p3,1,0,1791560952440956073,1791560952441595382,1791560952443682061,1791560952453208243,1791560952514285729,1791560952521087220,1791560952528165704,1791560952527200000,1791560952531150076,0,0,1,12.2522,0.6393,2.0867,9.5262,61.0775,6.8015,7.0785,74.9575,6.1128,2.9844,90.1940,86.2439,
mesh-8,sequential,immediate,1,sw03,sw0p4,1,0,1791560952531180970,1791560952532245202,1791560952534079371,1791560952543273581,1791560952599463967,1791560952606187287,1791560952615156070,1791560952612800000,1791560952617514701,0,0,1,12.0926,1.0642,1.8342,9.1942,56.1904,6.7233,8.9688,71.8825,6.6127,2.3586,86.3337,81.6190,
mesh-8,sequential,immediate,1,sw03,sw0p5,1,0,1791560952617540299,1791560952659226227,1791560952661081526,1791560952670311975,1791560952724313498,1791560952731081619,1791560952738004751,1791560952737600000,1791560952740056808,0,0,1,52.7717,41.6859,1.8553,9.2304,54.0015,6.7681,6.9231,67.6928,6.5184,2.0521,122.5165,120.0597,
mesh-8,sequential,immediate,1,sw04,sw0p3,1,0,1791560952740296124,1791560952741126687,1791560952742931542,1791560952751292165,1791560952805459757,1791560952811876101,1791560952819245178,1791560952817600000,1791560952821523920,0,0,1,10.9960,0.8306,1.8049,8.3606,54.1676,6.4163,7.3691,67.9530,5.7239,2.2787,81.2278,77.3039,
mesh-8,sequential,immediate,1,sw04,sw0p4,1,0,1791560952821738429,1791560952822936418,1791560952824486878,1791560952846746500,1791560952894165753,1791560952908488601,1791560952922898030,1791560952922399751,1791560952925593620,0,0,1,25.0081,1.1980,1.5505,22.2596,47.4193,14.3228,14.4094,76.1515,13.9111,2.6956,103.8552,100.6613,
mesh-8,sequential,immediate,1,sw04,sw0p5,1,0,1791560952925784068,1791560952926716329,1791560952928478530,1791560952949662462,1791560953000377669,1791560953006929465,1791560953014491784,1791560953012800000,1791560953017079464,0,0,1,23.8784,0.9323,1.7622,21.1839,50.7152,6.5518,7.5623,64.8293,5.8705,2.5877,91.2954,87.0159,
mesh-8,sequential,immediate,1,sw05,sw0p2,1,0,1791560953017216032,1791560953017903478,1791560953019681700,1791560953028820469,1791560953084040375,1791560953091155753,1791560953099163092,1791560953097600000,1791560953101100758,0,0,1,11.6044,0.6874,1.7782,9.1388,55.2199,7.1154,8.0073,70.3426,6.4442,1.9377,83.8847,80.3840,
mesh-8,sequential,immediate,1,sw05,sw0p3,1,0,1791560953101244334,1791560953142050000,1791560953143939589,1791560953153138143,1791560953205009147,1791560953211881552,1791560953220293327,1791560953218400000,1791560953222293137,0,0,1,51.8938,40.8057,1.8896,9.1986,51.8710,6.8724,8.4118,67.1552,6.5184,1.9998,121.0488,117.1557,
mesh-8,sequential,immediate,1,sw05,sw0p4,1,0,1791560953222323191,1791560953223193624,1791560953225128725,1791560953234396282,1791560953283554792,1791560953290294556,1791560953298360326,1791560953296800000,1791560953300491113,0,0,1,12.0731,0.8704,1.9351,9.2676,49.1585,6.7398,8.0658,63.9640,6.5054,2.1308,78.1679,74.4768,
mesh-8,sequential,immediate,1,sw05,sw0p5,1,0,1791560953301981815,1791560953343259902,1791560953345135195,1791560953354211540,1791560953404881389,1791560953411646823,1791560953419602282,1791560953417600000,1791560953421656497,0,0,1,52.2297,41.2781,1.8753,9.0763,50.6698,6.7654,7.9555,65.3907,5.9532,2.0542,119.6747,115.6182,
mesh-8,sequential,immediate,1,sw06,sw0p2,1,0,1791560953421791830,1791560953422397015,1791560953424314416,1791560953433858347,1791560953501795793,1791560953508536700,1791560953516426287,1791560953515199751,1791560953518825094,0,0,1,12.0665,0.6052,1.9174,9.5439,67.9374,6.7409,7.8896,82.5679,6.6631,2.3988,97.0333,93.4079,
mesh-8,sequential,immediate,1,sw06,sw0p3,1,0,1791560953519079924,1791560953560287830,1791560953561896415,1791560953571295731,1791560953632785142,1791560953640036033,1791560953648810748,1791560953647200000,1791560953651184338,0,0,1,52.2158,41.2079,1.6086,9.3993,61.4894,7.2509,8.7747,77.5150,7.1640,2.3736,132.1044,128.1201,
mesh-8,sequential,immediate,1,sw06,sw0p4,1,0,1791560953651389313,1791560953652238675,1791560953653876303,1791560953663194269,1791560953723672602,1791560953730594900,1791560953738579238,1791560953736800000,1791560953740706978,0,0,1,11.8050,0.8494,1.6376,9.3180,60.4783,6.9223,7.9843,75.3850,6.2051,2.1277,89.3177,85.4107,
mesh-8,sequential,immediate,1,sw06,sw0p5,1,0,1791560953740732306,1791560953741444308,1791560953743088990,1791560953752489316,1791560953812985388,1791560953819870256,1791560953828673561,1791560953826400000,1791560953830719249,0,0,1,11.7570,0.7120,1.6447,9.4003,60.4961,6.8849,8.8033,76.1842,6.5297,2.0457,89.9869,85.6677,
mesh-8,sequential,immediate,1,sw07,sw0p3,1,0,1791560953831118407,1791560953832027524,1791560953833896602,1791560953842915991,1791560953911572574,1791560953918414803,1791560953925522895,1791560953924800000,1791560953928244293,0,0,1,11.7976,0.9091,1.8691,9.0194,68.6566,6.8422,7.1081,82.6069,6.3852,2.7214,97.1259,93.6816,
mesh-8,sequential,immediate,1,sw07,sw0p4,1,0,1791560953928402350,1791560953929234235,1791560953931127880,1791560953940218495,1791560953986763123,1791560953993694923,1791560954000825245,1791560954000000000,1791560954003514657,0,0,1,11.8161,0.8319,1.8936,9.0906,46.5446,6.9318,7.1303,60.6067,6.3051,2.6894,75.1123,71.5977,
mesh-8,sequential,immediate,1,sw07,sw0p5,1,0,1791560954003696424,1791560954004705974,1791560954006293296,1791560954015469294,1791560954062711150,1791560954069354737,1791560954077729224,1791560954076800000,1791560954080296790,0,0,1,11.7729,1.0095,1.5873,9.1760,47.2419,6.6436,8.3745,62.2599,7.4453,2.5676,76.6004,73.1036,
mesh-8,sequential,immediate,1,sw08,sw0p2,1,0,1791560954080463260,1791560954081114773,1791560954082880165,1791560954092293666,1791560954142665706,1791560954149512919,1791560954157564042,1791560954156000000,1791560954159606815,0,0,1,11.8304,0.6515,1.7654,9.4135,50.3720,6.8472,8.0511,65.2704,6.4871,2.0428,79.1436,75.5367,
mesh-8,sequential,immediate,1,sw08,sw0p4,1,0,1791560954159647793,1791560954160223122,1791560954162084123,1791560954171440569,1791560954214665434,1791560954221366466,1791560954228337560,1791560954227999751,1791560954230397137,0,0,1,11.7928,0.5753,1.8610,9.3564,43.2249,6.7010,6.9711,56.8970,6.6333,2.0596,70.7493,68.3520,
mesh-8,sequential,immediate,1,sw08,sw0p5,1,0,1791560954230568989,1791560954231191722,1791560954232836172,1791560954242295608,1791560954282914813,1791560954289688775,1791560954297677647,1791560954296000000,1791560954299694779,0,0,1,11.7266,0.6227,1.6444,9.4594,40.6192,6.7740,7.9889,55.3820,6.3112,2.0171,69.1258,65.4310,
